y,x,time
0,1,12:13:35
0,2,12:13:40
0,3,12:13:41
0,4,12:13:43
0,5,12:13:44
0,6,12:13:46
0,7,12:13:47
0,8,12:13:49
0,9,12:13:50
0,10,12:13:52
0,11,12:13:53
0,12,12:13:57
0.30000000000000004,13,12:13:57
0,14,12:13:58
0.30000000000000004,15,12:13:58
0,16,12:14:00
0.30000000000000004,17,12:14:00
0,18,12:14:01
0.30000000000000004,19,12:14:01
0,20,12:14:03
0.30000000000000004,21,12:14:03
0,22,12:14:04
0.30000000000000004,23,12:14:04
0,24,12:14:06
0,25,12:14:07
0,26,12:14:09
0,27,12:14:10
0,28,12:14:12
0,29,12:14:13
0,30,12:14:15
0,31,12:14:16
0,32,12:14:18
0,33,12:14:19
0,34,12:14:21
0,35,12:14:22
0,36,12:14:24
1.0,37,12:14:24
0,38,12:14:25
0.30000000000000004,39,12:14:25
0,40,12:14:27
0.30000000000000004,41,12:14:27
0,42,12:14:28
0.30000000000000004,43,12:14:28
0,44,12:14:28
0.4,45,12:14:28
0.4,46,12:14:30
0.4,47,12:14:32
0.4,48,12:14:32
0.4,49,12:14:33
0.4,50,12:14:33
0.30000000000000004,51,12:14:35
0.4,52,12:14:35
0.8,53,12:14:35
0.0,54,12:14:37
0.4,55,12:14:38
0.30000000000000004,56,12:14:38
0.30000000000000004,57,12:14:39
0.0,58,12:14:39
0.30000000000000004,59,12:14:39
0.30000000000000004,60,12:14:41
0.0,61,12:14:41
0.30000000000000004,62,12:14:41
0.8,63,12:14:41
0.4,64,12:14:43
0.0,65,12:14:43
0.4,66,12:14:43
0.4,67,12:14:43
0.30000000000000004,68,12:14:45
0.0,69,12:14:45
0.4,70,12:14:45
0.4,71,12:14:45
0.4,72,12:14:46
0.30000000000000004,73,12:14:46
0.30000000000000004,74,12:14:46
0.4,75,12:14:46
0.4,76,12:14:47
0.0,77,12:14:48
0.30000000000000004,78,12:14:48
0.4,79,12:14:48
0.4,80,12:14:48
0.4,81,12:14:50
0.4,82,12:14:50
0.8,83,12:14:50
0.30000000000000004,84,12:14:50
0.4,85,12:14:50
0.4,86,12:14:52
0.30000000000000004,87,12:14:52
0.8,88,12:14:52
0.0,89,12:14:52
1.0,90,12:14:52
0,91,12:14:54
0.4,92,12:14:54
0,93,12:14:54
0.4,94,12:14:54
0,95,12:14:54
0.8,96,12:14:54
0,97,12:14:54
0.30000000000000004,98,12:14:54
0,99,12:14:54
0.4,100,12:14:54
0,101,12:14:54
1.0,102,12:14:54
0,103,12:14:55
0.4,104,12:14:55
0,105,12:14:55
0.30000000000000004,106,12:14:55
0,107,12:14:55
0.8,108,12:14:55
0,109,12:14:55
0.30000000000000004,110,12:14:55
0,111,12:14:56
0.30000000000000004,112,12:14:56
0,113,12:14:56
0.30000000000000004,114,12:14:56
0,115,12:14:57
0.30000000000000004,116,12:14:57
0,117,12:14:57
0.4,118,12:14:57
0,119,12:14:57
0.8,120,12:14:57
0,121,12:14:57
0.0,122,12:14:57
0,123,12:14:57
0.30000000000000004,124,12:14:57
0,125,12:14:59
0.4,126,12:14:59
0,127,12:14:59
0.4,128,12:14:59
0,129,12:14:59
0.30000000000000004,130,12:14:59
0,131,12:14:59
0.4,132,12:14:59
0,133,12:14:59
0.4,134,12:14:59
0,135,12:14:59
0.0,136,12:14:59
0.4,137,12:15:01
0.13333333333333333,138,12:15:01
0.0,139,12:15:01
0.0,140,12:15:01
0.3333333333333333,141,12:15:01
0,142,12:15:03
0.13333333333333333,143,12:15:03
0,144,12:15:03
0.13333333333333333,145,12:15:03
0,146,12:15:03
0.0,147,12:15:03
0,148,12:15:03
0.09999999999999999,149,12:15:03
0,150,12:15:03
0.3333333333333333,151,12:15:03
0,152,12:15:03
0.0,153,12:15:03
0,154,12:15:05
0.13333333333333333,155,12:15:05
0,156,12:15:05
0.13333333333333333,157,12:15:05
0,158,12:15:05
0.0,159,12:15:05
0,160,12:15:05
0.0,161,12:15:05
0,162,12:15:05
0.13333333333333333,163,12:15:05
0,164,12:15:05
0.0,165,12:15:05
0,166,12:15:07
0.09999999999999999,167,12:15:07
0,168,12:15:07
0.13333333333333333,169,12:15:07
0,170,12:15:07
0.13333333333333333,171,12:15:07
0,172,12:15:07
0.13333333333333333,173,12:15:07
0,174,12:15:07
0.3333333333333333,175,12:15:07
0,176,12:15:07
0.0,177,12:15:07
0,178,12:15:09
0.13333333333333333,179,12:15:09
0,180,12:15:09
0.13333333333333333,181,12:15:09
0,182,12:15:09
0.13333333333333333,183,12:15:09
0,184,12:15:09
0.0,185,12:15:09
0,186,12:15:09
0.13333333333333333,187,12:15:09
0,188,12:15:09
0.0,189,12:15:09
0,190,12:15:11
0.13333333333333333,191,12:15:11
0,192,12:15:11
0.0,193,12:15:11
0,194,12:15:11
0.13333333333333333,195,12:15:11
0,196,12:15:11
0.09999999999999999,197,12:15:11
0,198,12:15:11
0.13333333333333333,199,12:15:11
0,200,12:15:11
0.0,201,12:15:11
0.13333333333333333,202,12:15:12
0.13333333333333333,203,12:15:12
0.13333333333333333,204,12:15:12
0.09999999999999999,205,12:15:12
0.13333333333333333,206,12:15:12
0.13333333333333333,207,12:15:14
0.4,208,12:15:14
0.4,209,12:15:14
0.4,210,12:15:14
0.30000000000000004,211,12:15:14
0.8,212,12:15:16
0.4,213,12:15:16
0.4,214,12:15:16
0.4,215,12:15:16
1.0,216,12:15:16
0.30000000000000004,217,12:15:18
0.4,218,12:15:18
0.4,219,12:15:18
0.4,220,12:15:18
0.4,221,12:15:18
0.4,222,12:15:20
0.4,223,12:15:20
0.4,224,12:15:20
0.0,225,12:15:20
0.30000000000000004,226,12:15:20
0.4,227,12:15:22
0.4,228,12:15:22
0.4,229,12:15:22
0.0,230,12:15:22
0.4,231,12:15:22
0.30000000000000004,232,12:15:23
0.4,233,12:15:24
0.4,234,12:15:24
0.0,235,12:15:24
0.4,236,12:15:24
0.0,237,12:15:25
0.4,238,12:15:25
0.4,239,12:15:26
0.30000000000000004,240,12:15:26
0.4,241,12:15:26
0.4,242,12:15:27
0.4,243,12:15:27
0.4,244,12:15:27
0.0,245,12:15:27
1.0,246,12:15:27
0.4,247,12:15:29
0.4,248,12:15:29
0.4,249,12:15:29
0.0,250,12:15:29
1.0,251,12:15:29
0.4,252,12:15:31
0.4,253,12:15:31
0.4,254,12:15:31
0.0,255,12:15:31
0.30000000000000004,256,12:15:31
0.4,257,12:15:33
0.4,258,12:15:33
0.4,259,12:15:33
0.0,260,12:15:33
1.0,261,12:15:33
0.4,262,12:15:35
0.4,263,12:15:35
0.4,264,12:15:35
0.4,265,12:15:35
0.30000000000000004,266,12:15:35
0.4,267,12:15:35
0.30000000000000004,268,12:15:36
0.4,269,12:15:36
0.4,270,12:15:37
1.0,271,12:15:37
0.4,272,12:15:37
0.4,273,12:15:38
0.4,274,12:15:38
0.4,275,12:15:38
1.0,276,12:15:38
0.4,277,12:15:38
0.4,278,12:15:40
0.4,279,12:15:40
0.30000000000000004,280,12:15:40
0.4,281,12:15:40
0.4,282,12:15:40
0.4,283,12:15:42
0.4,284,12:15:42
0.30000000000000004,285,12:15:42
0.30000000000000004,286,12:15:42
1.0,287,12:15:42
0.4,288,12:15:42
0.4,289,12:15:44
0.0,290,12:15:44
0.4,291,12:15:44
0.4,292,12:15:44
0.4,293,12:15:44
0.4,294,12:15:46
0.4,295,12:15:46
0.0,296,12:15:46
0.4,297,12:15:46
0.4,298,12:15:46
1.0,299,12:15:46
0.4,300,12:15:47
0.4,301,12:15:47
0.0,302,12:15:47
0.4,303,12:15:47
0.4,304,12:15:48
0.4,305,12:15:48
0.4,306,12:15:49
0.0,307,12:15:49
0.4,308,12:15:49
0.4,309,12:15:49
1.0,310,12:15:49
0.4,311,12:15:51
0.30000000000000004,312,12:15:51
0.0,313,12:15:51
0.4,314,12:15:51
0.4,315,12:15:51
1.0,316,12:15:51
0.4,317,12:15:53
0.4,318,12:15:53
0.30000000000000004,319,12:15:53
0.4,320,12:15:53
1.0,321,12:15:53
0.4,322,12:15:55
0.0,323,12:15:55
1.0,324,12:15:55
0.4,325,12:15:55
0.4,326,12:15:57
1.0,327,12:15:57
0.26666666666666666,328,12:15:57
0.26666666666666666,329,12:15:59
0.26666666666666666,330,12:15:59
0.6666666666666666,331,12:15:59
0.26666666666666666,332,12:16:00
0.26666666666666666,333,12:16:00
0.6666666666666666,334,12:16:00
0.26666666666666666,335,12:16:02
0.26666666666666666,336,12:16:02
0.6666666666666666,337,12:16:02
0.26666666666666666,338,12:16:04
0.26666666666666666,339,12:16:04
0.6666666666666666,340,12:16:04
0.26666666666666666,341,12:16:06
0.26666666666666666,342,12:16:06
0.6666666666666666,343,12:16:06
0.26666666666666666,344,12:16:08
0.26666666666666666,345,12:16:08
0.6666666666666666,346,12:16:08
0.26666666666666666,347,12:16:10
0.26666666666666666,348,12:16:10
0.6666666666666666,349,12:16:10
0.26666666666666666,350,12:16:11
0.26666666666666666,351,12:16:12
0.19999999999999998,352,12:16:12
0.26666666666666666,353,12:16:13
0.26666666666666666,354,12:16:13
0.6666666666666666,355,12:16:13
0.0,356,12:16:15
0.26666666666666666,357,12:16:15
0.26666666666666666,358,12:16:15
0.6666666666666666,359,12:16:15
0.26666666666666666,360,12:16:15
0.19999999999999998,361,12:16:17
0.26666666666666666,362,12:16:17
0.26666666666666666,363,12:16:17
0.0,364,12:16:17
0.6666666666666666,365,12:16:17
0.26666666666666666,366,12:16:17
0.0,367,12:16:19
0.26666666666666666,368,12:16:19
0.26666666666666666,369,12:16:19
0.6666666666666666,370,12:16:19
0.6666666666666666,371,12:16:20
0.6666666666666666,372,12:16:20
0.26666666666666666,373,12:16:20
0.19999999999999998,374,12:16:21
0.26666666666666666,375,12:16:21
0.26666666666666666,376,12:16:21
0.0,377,12:16:22
0.6666666666666666,378,12:16:22
0.19999999999999998,379,12:16:22
0.19999999999999998,380,12:16:23
0.26666666666666666,381,12:16:23
0.26666666666666666,382,12:16:23
0.6666666666666666,383,12:16:24
0.6666666666666666,384,12:16:24
0.26666666666666666,385,12:16:24
0.19999999999999998,386,12:16:25
0.26666666666666666,387,12:16:25
0.4,388,12:16:26
0.0,389,12:16:26
1.0,390,12:16:26
1.0,391,12:16:26
0.30000000000000004,392,12:16:27
0.4,393,12:16:28
1.0,394,12:16:28
0.4,395,12:16:28
0.0,396,12:16:28
0.4,397,12:16:29
0.30000000000000004,398,12:16:29
1.0,399,12:16:30
0.4,400,12:16:30
0.0,401,12:16:30
0.30000000000000004,402,12:16:30
0.4,403,12:16:31
0.30000000000000004,404,12:16:31
0.4,405,12:16:31
0.30000000000000004,406,12:16:32
0.0,407,12:16:32
0.4,408,12:16:32
0.4,409,12:16:33
0.4,410,12:16:34
0.0,411,12:16:34
1.0,412,12:16:34
0.0,413,12:16:34
0.4,414,12:16:35
0.4,415,12:16:35
0.4,416,12:16:36
0.30000000000000004,417,12:16:36
0.0,418,12:16:36
0.0,419,12:16:36
0.4,420,12:16:37
1.0,421,12:16:38
0.4,422,12:16:38
0.0,423,12:16:38
0.0,424,12:16:38
0.0,425,12:16:38
0.4,426,12:16:39
0.0,427,12:16:40
0.0,428,12:16:40
0.4,429,12:16:40
0.0,430,12:16:40
1.0,431,12:16:40
0.4,432,12:16:42
1.0,433,12:16:42
0.30000000000000004,434,12:16:42
0.4,435,12:16:42
0.30000000000000004,436,12:16:42
0.4,437,12:16:42
1.0,438,12:16:42
0.4,439,12:16:43
0.4,440,12:16:43
1.0,441,12:16:44
0.0,442,12:16:44
0.4,443,12:16:44
0.30000000000000004,444,12:16:44
1.0,445,12:16:44
0.4,446,12:16:45
0.4,447,12:16:45
0.0,448,12:16:46
0.4,449,12:16:46
0.0,450,12:16:46
1.0,451,12:16:46
0.4,452,12:16:48
1.0,453,12:16:48
0.0,454,12:16:48
0.4,455,12:16:48
0.0,456,12:16:48
1.0,457,12:16:48
0.4,458,12:16:50
1.0,459,12:16:50
0.0,460,12:16:50
0.4,461,12:16:50
0.30000000000000004,462,12:16:50
1.0,463,12:16:50
0.0,464,12:16:51
0.0,465,12:16:52
0.0,466,12:16:52
0.4,467,12:16:52
0.30000000000000004,468,12:16:52
1.0,469,12:16:52
0.0,470,12:16:53
0.0,471,12:16:53
0.30000000000000004,472,12:16:54
0.4,473,12:16:54
0.30000000000000004,474,12:16:54
1.0,475,12:16:54
0.0,476,12:16:55
1.0,477,12:16:55
0.30000000000000004,478,12:16:56
0.4,479,12:16:56
0.0,480,12:16:56
1.0,481,12:16:56
0.30000000000000004,482,12:16:57
0.0,483,12:16:57
0.30000000000000004,484,12:16:58
0.4,485,12:16:58
0.30000000000000004,486,12:16:58
1.0,487,12:16:58
0.19999999999999998,488,12:17:00
0.19999999999999998,489,12:17:00
0.26666666666666666,490,12:17:00
0.19999999999999998,491,12:17:00
0.26666666666666666,492,12:17:00
0.6666666666666666,493,12:17:00
0.26666666666666666,494,12:17:01
0.0,495,12:17:01
0.26666666666666666,496,12:17:02
0.0,497,12:17:02
0.19999999999999998,498,12:17:03
0.19999999999999998,499,12:17:03
0.26666666666666666,500,12:17:03
0.0,501,12:17:05
0.19999999999999998,502,12:17:05
0.26666666666666666,503,12:17:05
0.19999999999999998,504,12:17:07
0.0,505,12:17:07
0.19999999999999998,506,12:17:07
0.19999999999999998,507,12:17:07
0.4,508,12:17:07
0.30000000000000004,509,12:17:09
0.0,510,12:17:09
0.30000000000000004,511,12:17:09
1.0,512,12:17:09
0.4,513,12:17:09
0.30000000000000004,514,12:17:11
1.0,515,12:17:11
0.0,516,12:17:11
1.0,517,12:17:11
0.0,518,12:17:11
0.4,519,12:17:11
0.30000000000000004,520,12:17:13
0.4,521,12:17:13
0.30000000000000004,522,12:17:13
1.0,523,12:17:13
0.4,524,12:17:13
0.4,525,12:17:15
0.30000000000000004,526,12:17:15
0.0,527,12:17:15
0.4,528,12:17:15
0.4,529,12:17:17
0.30000000000000004,530,12:17:17
1.0,531,12:17:17
1.0,532,12:17:17
0.4,533,12:17:17
0.4,534,12:17:19
0.30000000000000004,535,12:17:19
1.0,536,12:17:19
0.4,537,12:17:19
0.4,538,12:17:21
1.0,539,12:17:21
0.30000000000000004,540,12:17:21
1.0,541,12:17:21
0.0,542,12:17:21
0.4,543,12:17:21
0.4,544,12:17:23
1.0,545,12:17:23
0.30000000000000004,546,12:17:23
1.0,547,12:17:23
0.30000000000000004,548,12:17:23
0.4,549,12:17:23
0.4,550,12:17:25
0.30000000000000004,551,12:17:25
0.30000000000000004,552,12:17:25
0.4,553,12:17:25
0.4,554,12:17:27
1.0,555,12:17:27
1.0,556,12:17:27
0.0,557,12:17:27
0.4,558,12:17:27
0.8,559,12:17:29
1.0,560,12:17:29
1.0,561,12:17:29
0.30000000000000004,562,12:17:29
0.4,563,12:17:29
0.4,564,12:17:31
1.0,565,12:17:31
0.4,566,12:17:31
0.4,567,12:17:33
0.4,568,12:17:33
0.4,569,12:17:33
0.8,570,12:17:34
0.4,571,12:17:34
0.30000000000000004,572,12:17:34
1.0,573,12:17:35
0.4,574,12:17:35
0.8,575,12:17:36
0.4,576,12:17:36
0.0,577,12:17:36
0.4,578,12:17:37
0.8,579,12:17:38
0.4,580,12:17:38
0.30000000000000004,581,12:17:38
0.30000000000000004,582,12:17:38
0.8,583,12:17:40
0.30000000000000004,584,12:17:40
0.0,585,12:17:40
0.8,586,12:17:42
0.0,587,12:17:42
0.30000000000000004,588,12:17:42
0.8,589,12:17:44
0.0,590,12:17:44
0.0,591,12:17:44
0.4,592,12:17:46
0.30000000000000004,593,12:17:46
0.30000000000000004,594,12:17:46
0.30000000000000004,595,12:17:46
0.4,596,12:17:48
0.30000000000000004,597,12:17:48
1.0,598,12:17:48
0.30000000000000004,599,12:17:48
0.4,600,12:17:50
0.30000000000000004,601,12:17:50
1.0,602,12:17:50
0.4,603,12:17:50
0.8,604,12:17:52
0.0,605,12:17:52
0.30000000000000004,606,12:17:52
0.4,607,12:17:54
0.0,608,12:17:54
0.4,609,12:17:54
1.0,610,12:17:54
0.4,611,12:17:56
0.0,612,12:17:56
1.0,613,12:17:56
0.4,614,12:17:56
0.4,615,12:17:58
0.0,616,12:17:58
1.0,617,12:17:58
0.4,618,12:17:58
0.4,619,12:17:59
0.0,620,12:18:00
1.0,621,12:18:00
0.4,622,12:18:00
0.8,623,12:18:01
0.0,624,12:18:01
0.4,625,12:18:02
0.8,626,12:18:03
0.0,627,12:18:03
1.0,628,12:18:04
0.4,629,12:18:04
0.4,630,12:18:05
0.30000000000000004,631,12:18:05
1.0,632,12:18:05
0.4,633,12:18:06
0.30000000000000004,634,12:18:07
0.0,635,12:18:07
0.4,636,12:18:07
1.0,637,12:18:07
0.4,638,12:18:08
0.30000000000000004,639,12:18:09
0.0,640,12:18:09
0.8,641,12:18:09
0.4,642,12:18:09
1.0,643,12:18:09
0.30000000000000004,644,12:18:11
0.0,645,12:18:11
0.4,646,12:18:11
0.4,647,12:18:11
1.0,648,12:18:12
0.0,649,12:18:12
0.30000000000000004,650,12:18:13
0.30000000000000004,651,12:18:13
0.8,652,12:18:13
0.4,653,12:18:13
1.0,654,12:18:13
1.0,655,12:18:14
0.30000000000000004,656,12:18:14
0.30000000000000004,657,12:18:15
0.30000000000000004,658,12:18:15
0.8,659,12:18:15
0.4,660,12:18:16
1.0,661,12:18:16
1.0,662,12:18:16
0.30000000000000004,663,12:18:16
1.0,664,12:18:17
0.0,665,12:18:17
0.8,666,12:18:17
0.4,667,12:18:18
1.0,668,12:18:18
0.30000000000000004,669,12:18:19
0.30000000000000004,670,12:18:19
0.8,671,12:18:19
1.0,672,12:18:20
0.4,673,12:18:20
1.0,674,12:18:20
0.4,675,12:18:21
0.0,676,12:18:22
0.8,677,12:18:22
1.0,678,12:18:22
0.4,679,12:18:22
1.0,680,12:18:22
0.30000000000000004,681,12:18:22
0.30000000000000004,682,12:18:24
0.0,683,12:18:24
0.8,684,12:18:24
1.0,685,12:18:24
0.4,686,12:18:24
1.0,687,12:18:24
0.30000000000000004,688,12:18:24
0.30000000000000004,689,12:18:26
0.0,690,12:18:26
0.8,691,12:18:26
1.0,692,12:18:26
0.4,693,12:18:26
1.0,694,12:18:26
0.30000000000000004,695,12:18:27
0.0,696,12:18:27
0.8,697,12:18:28
1.0,698,12:18:28
0.4,699,12:18:28
1.0,700,12:18:28
0.30000000000000004,701,12:18:29
0.0,702,12:18:29
0.30000000000000004,703,12:18:30
1.0,704,12:18:30
0.4,705,12:18:30
1.0,706,12:18:30
0.30000000000000004,707,12:18:31
0.0,708,12:18:32
0.4,709,12:18:32
1.0,710,12:18:32
0.4,711,12:18:32
1.0,712,12:18:32
0.30000000000000004,713,12:18:33
0.8,714,12:18:33
1.0,715,12:18:34
0.4,716,12:18:34
1.0,717,12:18:34
0.30000000000000004,718,12:18:34
0.30000000000000004,719,12:18:35
0.8,720,12:18:35
1.0,721,12:18:36
0.4,722,12:18:36
1.0,723,12:18:36
0.4,724,12:18:36
0.30000000000000004,725,12:18:37
0.8,726,12:18:38
1.0,727,12:18:38
0.4,728,12:18:38
1.0,729,12:18:38
0.4,730,12:18:38
0.30000000000000004,731,12:18:39
0.8,732,12:18:40
1.0,733,12:18:40
1.0,734,12:18:40
0.4,735,12:18:40
0.0,736,12:18:40
0.4,737,12:18:40
0.0,738,12:18:41
0.8,739,12:18:41
0.0,740,12:18:42
1.0,741,12:18:42
0.4,742,12:18:42
0.0,743,12:18:42
0.4,744,12:18:42
0.4,745,12:18:44
0.8,746,12:18:44
0.0,747,12:18:44
0.0,748,12:18:44
0.4,749,12:18:44
0.4,750,12:18:44
0.4,751,12:18:44
0.4,752,12:18:45
0.8,753,12:18:46
0.0,754,12:18:46
0.4,755,12:18:46
1.0,756,12:18:46
0.0,757,12:18:46
0.4,758,12:18:46
0.8,759,12:18:47
0.30000000000000004,760,12:18:48
0.4,761,12:18:48
1.0,762,12:18:48
0.4,763,12:18:48
0.4,764,12:18:49
0.8,765,12:18:49
0.30000000000000004,766,12:18:50
0.4,767,12:18:50
0.4,768,12:18:50
1.0,769,12:18:50
0.4,770,12:18:51
0.8,771,12:18:52
0.30000000000000004,772,12:18:52
0.4,773,12:18:52
0.30000000000000004,774,12:18:52
1.0,775,12:18:52
0.4,776,12:18:52
0.0,777,12:18:54
0.8,778,12:18:54
0.30000000000000004,779,12:18:54
0.4,780,12:18:54
0.30000000000000004,781,12:18:54
1.0,782,12:18:54
0.4,783,12:18:55
0.8,784,12:18:56
0.30000000000000004,785,12:18:56
0.4,786,12:18:56
1.0,787,12:18:56
0.30000000000000004,788,12:18:56
0.4,789,12:18:58
0.8,790,12:18:58
0.30000000000000004,791,12:18:58
0.4,792,12:18:58
1.0,793,12:18:58
0.30000000000000004,794,12:18:58
0.8,795,12:18:59
0.30000000000000004,796,12:19:00
0.4,797,12:19:00
0.30000000000000004,798,12:19:00
0.8,799,12:19:01
0.30000000000000004,800,12:19:01
0.4,801,12:19:02
0.0,802,12:19:02
0.8,803,12:19:03
0.30000000000000004,804,12:19:03
0.4,805,12:19:04
0.4,806,12:19:04
0.8,807,12:19:05
1.0,808,12:19:06
0.30000000000000004,809,12:19:06
0.4,810,12:19:06
0.0,811,12:19:07
0.30000000000000004,812,12:19:07
0.8,813,12:19:08
0.30000000000000004,814,12:19:08
0.0,815,12:19:08
0.30000000000000004,816,12:19:09
0.30000000000000004,817,12:19:10
0.4,818,12:19:10
0.8,819,12:19:10
0.0,820,12:19:10
0.0,821,12:19:11
0.30000000000000004,822,12:19:11
0.4,823,12:19:12
0.8,824,12:19:12
0.30000000000000004,825,12:19:12
0.0,826,12:19:13
0.30000000000000004,827,12:19:13
0.8,828,12:19:14
0.0,829,12:19:14
0.0,830,12:19:14
1.0,831,12:19:15
0.30000000000000004,832,12:19:16
0.8,833,12:19:16
0.30000000000000004,834,12:19:16
0.0,835,12:19:16
0.4,836,12:19:17
0.30000000000000004,837,12:19:17
0.8,838,12:19:18
0.4,839,12:19:18
0.0,840,12:19:18
0.4,841,12:19:19
0.8,842,12:19:19
1.0,843,12:19:20
0.30000000000000004,844,12:19:20
0.30000000000000004,845,12:19:21
0.30000000000000004,846,12:19:21
0.30000000000000004,847,12:19:21
0.30000000000000004,848,12:19:21
0.30000000000000004,849,12:19:21
0.0,850,12:19:22
0.0,851,12:19:23
0.30000000000000004,852,12:19:23
0.4,853,12:19:23
1.0,854,12:19:23
0.0,855,12:19:23
0.0,856,12:19:25
0.4,857,12:19:25
1.0,858,12:19:25
0.4,859,12:19:25
0.0,860,12:19:25
0.0,861,12:19:27
0.4,862,12:19:27
1.0,863,12:19:27
0.4,864,12:19:27
0.0,865,12:19:27
0.30000000000000004,866,12:19:29
0.30000000000000004,867,12:19:29
0.30000000000000004,868,12:19:29
1.0,869,12:19:29
0.8,870,12:19:29
0.30000000000000004,871,12:19:31
0.4,872,12:19:31
0.0,873,12:19:31
1.0,874,12:19:31
0.30000000000000004,875,12:19:31
0.30000000000000004,876,12:19:33
0.4,877,12:19:33
0.30000000000000004,878,12:19:33
1.0,879,12:19:33
0.0,880,12:19:33
0.0,881,12:19:35
0.30000000000000004,882,12:19:35
0.30000000000000004,883,12:19:35
1.0,884,12:19:35
0.8,885,12:19:35
0.4,886,12:19:37
1.0,887,12:19:37
0.8,888,12:19:37
0.30000000000000004,889,12:19:37
0.0,890,12:19:39
0.30000000000000004,891,12:19:39
0.30000000000000004,892,12:19:39
0.0,893,12:19:39
0.30000000000000004,894,12:19:39
0.30000000000000004,895,12:19:39
0.0,896,12:19:41
0.0,897,12:19:41
1.0,898,12:19:41
0.4,899,12:19:41
0.30000000000000004,900,12:19:41
0.30000000000000004,901,12:19:41
0.0,902,12:19:43
1.0,903,12:19:43
0.8,904,12:19:43
0.30000000000000004,905,12:19:43
0.0,906,12:19:45
0.4,907,12:19:45
0.6666666666666666,908,12:19:45
0.5333333333333333,909,12:19:45
0.0,910,12:19:47
0.19999999999999998,911,12:19:47
0.0,912,12:19:47
0.19999999999999998,913,12:19:47
0.19999999999999998,914,12:19:47
0.19999999999999998,915,12:19:48
0.0,916,12:19:48
0.0,917,12:19:49
0.19999999999999998,918,12:19:49
0.6666666666666666,919,12:19:50
0.0,920,12:19:50
0.5333333333333333,921,12:19:50
0.0,922,12:19:51
0.6666666666666666,923,12:19:52
0.19999999999999998,924,12:19:52
0.5333333333333333,925,12:19:52
0.0,926,12:19:52
0.19999999999999998,927,12:19:54
0.6666666666666666,928,12:19:54
0.5333333333333333,929,12:19:54
0.19999999999999998,930,12:19:54
0.19999999999999998,931,12:19:56
0.6666666666666666,932,12:19:56
0.19999999999999998,933,12:19:56
0.5333333333333333,934,12:19:56
0.19999999999999998,935,12:19:56
0.19999999999999998,936,12:19:58
0.0,937,12:19:58
0.6666666666666666,938,12:19:58
0.19999999999999998,939,12:19:58
0.5333333333333333,940,12:19:58
0.19999999999999998,941,12:19:58
0.0,942,12:20:00
0.0,943,12:20:00
0.19999999999999998,944,12:20:00
0.0,945,12:20:00
0.19999999999999998,946,12:20:00
0.0,947,12:20:00
0.2777777777777778,948,12:20:00
0.2777777777777778,949,12:20:02
0.0,950,12:20:02
0.08333333333333333,951,12:20:02
0.0,952,12:20:02
0.08333333333333333,953,12:20:02
0.08333333333333333,954,12:20:02
0.2777777777777778,955,12:20:02
0.2777777777777778,956,12:20:04
0.0,957,12:20:04
0.0,958,12:20:04
0.08333333333333333,959,12:20:04
0.2777777777777778,960,12:20:04
0.1111111111111111,961,12:20:06
0.0,962,12:20:06
0.0,963,12:20:06
0.08333333333333333,964,12:20:06
0.2777777777777778,965,12:20:06
0.0,966,12:20:06
0.0,967,12:20:08
0.0,968,12:20:08
0.0,969,12:20:08
0.19999999999999998,970,12:20:08
0.19999999999999998,971,12:20:08
0.6666666666666666,972,12:20:08
0.19999999999999998,973,12:20:08
0.0,974,12:20:10
0.0,975,12:20:10
0.19999999999999998,976,12:20:10
0.19999999999999998,977,12:20:10
0.19999999999999998,978,12:20:10
0.6666666666666666,979,12:20:10
0.19999999999999998,980,12:20:10
0.6666666666666666,981,12:20:12
0.0,982,12:20:12
0.0,983,12:20:12
0.19999999999999998,984,12:20:12
0.6666666666666666,985,12:20:12
0.0,986,12:20:12
0.0,987,12:20:12
1.0,988,12:20:14
0.0,989,12:20:14
1.0,990,12:20:14
0.30000000000000004,991,12:20:14
0.0,992,12:20:14
0.0,993,12:20:14
0.0,994,12:20:14
1.0,995,12:20:16
0.0,996,12:20:16
0.30000000000000004,997,12:20:16
0.30000000000000004,998,12:20:16
0.0,999,12:20:16
1.0,1000,12:20:16
0.0,1001,12:20:16
0.4,1002,12:20:18
0.0,1003,12:20:18
0.30000000000000004,1004,12:20:18
0.0,1005,12:20:18
1.0,1006,12:20:18
0.30000000000000004,1007,12:20:18
0.0,1008,12:20:18
1.0,1009,12:20:20
0.0,1010,12:20:20
0.30000000000000004,1011,12:20:20
0.0,1012,12:20:20
0.0,1013,12:20:20
0.30000000000000004,1014,12:20:20
0.30000000000000004,1015,12:20:20
0.4,1016,12:20:22
0.0,1017,12:20:22
0.30000000000000004,1018,12:20:22
0.0,1019,12:20:22
0.30000000000000004,1020,12:20:22
0.0,1021,12:20:22
0.0,1022,12:20:22
0.0,1023,12:20:24
0.30000000000000004,1024,12:20:24
0.0,1025,12:20:24
0.0,1026,12:20:24
0.30000000000000004,1027,12:20:24
0.0,1028,12:20:26
0.30000000000000004,1029,12:20:26
0.0,1030,12:20:26
0.4,1031,12:20:26
0.30000000000000004,1032,12:20:26
0.0,1033,12:20:28
0.30000000000000004,1034,12:20:28
0.4,1035,12:20:28
0.0,1036,12:20:28
0.30000000000000004,1037,12:20:28
0.0,1038,12:20:28
0.0,1039,12:20:30
0.30000000000000004,1040,12:20:30
0.4,1041,12:20:30
0.8,1042,12:20:30
0.30000000000000004,1043,12:20:30
0.0,1044,12:20:30
0.0,1045,12:20:32
0.30000000000000004,1046,12:20:32
0.8,1047,12:20:32
0.0,1048,12:20:32
0.30000000000000004,1049,12:20:32
0.0,1050,12:20:34
0.0,1051,12:20:34
0.30000000000000004,1052,12:20:34
0.8,1053,12:20:34
0.30000000000000004,1054,12:20:34
0.0,1055,12:20:36
0.0,1056,12:20:36
0.0,1057,12:20:36
0.0,1058,12:20:36
0.4,1059,12:20:36
0.0,1060,12:20:38
0.30000000000000004,1061,12:20:38
0.30000000000000004,1062,12:20:38
0.30000000000000004,1063,12:20:38
0.0,1064,12:20:38
0.0,1065,12:20:40
0.30000000000000004,1066,12:20:40
0.0,1067,12:20:40
0.0,1068,12:20:40
1.0,1069,12:20:40
0.30000000000000004,1070,12:20:40
0.0,1071,12:20:42
0.30000000000000004,1072,12:20:42
0.0,1073,12:20:42
0.4,1074,12:20:42
0.0,1075,12:20:42
0.30000000000000004,1076,12:20:42
0.0,1077,12:20:44
0.30000000000000004,1078,12:20:44
0.30000000000000004,1079,12:20:44
0.4,1080,12:20:44
0.30000000000000004,1081,12:20:44
0.30000000000000004,1082,12:20:44
0.0,1083,12:20:46
0.30000000000000004,1084,12:20:46
0.30000000000000004,1085,12:20:46
0.4,1086,12:20:46
0.0,1087,12:20:46
0.19999999999999998,1088,12:20:46
0.0,1089,12:20:48
0.19999999999999998,1090,12:20:48
0.19999999999999998,1091,12:20:48
0.26666666666666666,1092,12:20:48
0.19999999999999998,1093,12:20:48
0.0,1094,12:20:48
0.26666666666666666,1095,12:20:50
0.0,1096,12:20:50
0.0,1097,12:20:50
0.0,1098,12:20:50
0.6666666666666666,1099,12:20:50
0.0,1100,12:20:50
0.19999999999999998,1101,12:20:50
0.6666666666666666,1102,12:20:52
0.0,1103,12:20:52
0.19999999999999998,1104,12:20:52
0.0,1105,12:20:52
0.26666666666666666,1106,12:20:52
0.19999999999999998,1107,12:20:52
0.6666666666666666,1108,12:20:54
0.0,1109,12:20:54
0.0,1110,12:20:54
0.0,1111,12:20:54
0.26666666666666666,1112,12:20:54
0.0,1113,12:20:54
0.6666666666666666,1114,12:20:56
0.0,1115,12:20:56
0.26666666666666666,1116,12:20:56
0.19999999999999998,1117,12:20:56
0.26666666666666666,1118,12:20:56
0.0,1119,12:20:56
0.26666666666666666,1120,12:20:56
0.26666666666666666,1121,12:20:58
0.0,1122,12:20:58
0.0,1123,12:20:58
0.0,1124,12:20:58
0.26666666666666666,1125,12:20:58
0.19999999999999998,1126,12:21:00
0.0,1127,12:21:00
0.0,1128,12:21:00
0.0,1129,12:21:00
0.4,1130,12:21:00
0.0,1131,12:21:02
0.0,1132,12:21:02
0.30000000000000004,1133,12:21:02
1.0,1134,12:21:02
0.0,1135,12:21:02
0.0,1136,12:21:04
0.0,1137,12:21:04
0.0,1138,12:21:04
1.0,1139,12:21:04
0.30000000000000004,1140,12:21:04
0.0,1141,12:21:06
0.0,1142,12:21:06
0.30000000000000004,1143,12:21:06
0.30000000000000004,1144,12:21:06
0.0,1145,12:21:06
0.0,1146,12:21:08
0.0,1147,12:21:08
0.19999999999999998,1148,12:21:08
0.19999999999999998,1149,12:21:08
0.6666666666666666,1150,12:21:08
0.0,1151,12:21:10
0.0,1152,12:21:10
0.19999999999999998,1153,12:21:10
0.19999999999999998,1154,12:21:10
0.19999999999999998,1155,12:21:10
0.0,1156,12:21:12
0.0,1157,12:21:12
0.19999999999999998,1158,12:21:12
0.19999999999999998,1159,12:21:12
0.0,1160,12:21:12
0.19999999999999998,1161,12:21:14
0.0,1162,12:21:14
0.26666666666666666,1163,12:21:14
0.19999999999999998,1164,12:21:14
0.0,1165,12:21:14
0.0,1166,12:21:16
0.26666666666666666,1167,12:21:16
0.0,1168,12:21:16
0.19999999999999998,1169,12:21:16
0.26666666666666666,1170,12:21:17
0.0,1171,12:21:17
0.26666666666666666,1172,12:21:18
0.0,1173,12:21:18
0.19999999999999998,1174,12:21:18
0.19999999999999998,1175,12:21:19
0.19999999999999998,1176,12:21:19
0.0,1177,12:21:19
0.0,1178,12:21:19
0.26666666666666666,1179,12:21:21
0.0,1180,12:21:21
0.6666666666666666,1181,12:21:21
0.26666666666666666,1182,12:21:23
0.0,1183,12:21:23
0.0,1184,12:21:23
0.5333333333333333,1185,12:21:25
0.0,1186,12:21:25
0.0,1187,12:21:25
0.0,1188,12:21:27
0.4,1189,12:21:27
0.0,1190,12:21:27
0.0,1191,12:21:27
0.0,1192,12:21:27
0.30000000000000004,1193,12:21:29
0.0,1194,12:21:29
0.30000000000000004,1195,12:21:29
0.0,1196,12:21:29
0.0,1197,12:21:29
0.0,1198,12:21:31
0.0,1199,12:21:31
1.0,1200,12:21:31
0.0,1201,12:21:31
0.0,1202,12:21:33
0.30000000000000004,1203,12:21:33
0.0,1204,12:21:33
0.0,1205,12:21:33
0.30000000000000004,1206,12:21:35
0.4,1207,12:21:35
0.0,1208,12:21:35
1.0,1209,12:21:35
0.0,1210,12:21:37
0.4,1211,12:21:37
0.0,1212,12:21:37
0.0,1213,12:21:37
0.4,1214,12:21:39
0.0,1215,12:21:39
1.0,1216,12:21:39
0.0,1217,12:21:41
0.0,1218,12:21:41
0.4,1219,12:21:41
0.0,1220,12:21:41
0.0,1221,12:21:41
0.30000000000000004,1222,12:21:42
0.0,1223,12:21:43
0.4,1224,12:21:43
0.0,1225,12:21:43
0.0,1226,12:21:43
0.30000000000000004,1227,12:21:45
0.0,1228,12:21:45
0.26666666666666666,1229,12:21:45
0.0,1230,12:21:45
0.6666666666666666,1231,12:21:45
0.19999999999999998,1232,12:21:46
0.0,1233,12:21:47
0.26666666666666666,1234,12:21:47
0.0,1235,12:21:47
0.0,1236,12:21:47
0.6666666666666666,1237,12:21:48
0.0,1238,12:21:48
0.26666666666666666,1239,12:21:48
0.0,1240,12:21:49
0.0,1241,12:21:49
0.26666666666666666,1242,12:21:50
0.0,1243,12:21:50
0.26666666666666666,1244,12:21:50
0.0,1245,12:21:50
0.0,1246,12:21:51
0.26666666666666666,1247,12:21:52
0.0,1248,12:21:52
0.4,1249,12:21:52
1.0,1250,12:21:53
0.0,1251,12:21:53
0.4,1252,12:21:54
0.0,1253,12:21:54
0.4,1254,12:21:54
0.4,1255,12:21:55
0.0,1256,12:21:55
0.4,1257,12:21:56
0.0,1258,12:21:56
0.4,1259,12:21:56
0.0,1260,12:21:56
0.0,1261,12:21:57
1.0,1262,12:21:58
0.0,1263,12:21:58
0.8,1264,12:21:58
0.0,1265,12:21:59
0.0,1266,12:21:59
1.0,1267,12:22:00
0.0,1268,12:22:00
0.19999999999999998,1269,12:22:00
0.0,1270,12:22:01
0.0,1271,12:22:01
0.6666666666666666,1272,12:22:02
0.0,1273,12:22:02
0.19999999999999998,1274,12:22:02
0.6666666666666666,1275,12:22:02
0.0,1276,12:22:03
0.6666666666666666,1277,12:22:04
0.19999999999999998,1278,12:22:04
0.0,1279,12:22:04
0.0,1280,12:22:04
0.6666666666666666,1281,12:22:04
0.19999999999999998,1282,12:22:06
0.26666666666666666,1283,12:22:06
0.6666666666666666,1284,12:22:06
0.0,1285,12:22:06
0.26666666666666666,1286,12:22:08
0.19999999999999998,1287,12:22:08
0.0,1288,12:22:08
0.0,1289,12:22:08
0.19999999999999998,1290,12:22:08
0.19999999999999998,1291,12:22:10
0.19999999999999998,1292,12:22:10
0.0,1293,12:22:10
0.0,1294,12:22:10
0.19999999999999998,1295,12:22:10
0.0,1296,12:22:12
0.19999999999999998,1297,12:22:12
0.0,1298,12:22:12
0.5333333333333333,1299,12:22:12
0.0,1300,12:22:14
0.19999999999999998,1301,12:22:14
0.0,1302,12:22:14
0.6666666666666666,1303,12:22:14
0.26666666666666666,1304,12:22:16
0.0,1305,12:22:16
0.0,1306,12:22:16
0.19999999999999998,1307,12:22:16
0.13333333333333333,1308,12:22:17
0.0,1309,12:22:18
0.0,1310,12:22:18
0.3333333333333333,1311,12:22:18
0.09999999999999999,1312,12:22:19
0.0,1313,12:22:19
0.0,1314,12:22:19
0.0,1315,12:22:19
0.09999999999999999,1316,12:22:21
0.0,1317,12:22:21
0.0,1318,12:22:21
0.0,1319,12:22:21
0.09999999999999999,1320,12:22:23
0.0,1321,12:22:23
0.0,1322,12:22:23
0.0,1323,12:22:23
0.09999999999999999,1324,12:22:25
0.0,1325,12:22:25
0.0,1326,12:22:25
0.0,1327,12:22:25
0.0,1328,12:22:25
0.26666666666666666,1329,12:22:27
0.0,1330,12:22:27
0.19999999999999998,1331,12:22:27
0.0,1332,12:22:27
0.0,1333,12:22:27
0.5333333333333333,1334,12:22:29
0.0,1335,12:22:29
0.0,1336,12:22:29
0.0,1337,12:22:29
0.0,1338,12:22:29
0.19999999999999998,1339,12:22:31
0.0,1340,12:22:31
0.0,1341,12:22:31
0.0,1342,12:22:31
0.19999999999999998,1343,12:22:31
0.19999999999999998,1344,12:22:32
0.0,1345,12:22:32
0.0,1346,12:22:32
0.0,1347,12:22:33
0.6666666666666666,1348,12:22:33
0.0,1349,12:22:34
0.5333333333333333,1350,12:22:34
0.0,1351,12:22:34
0.0,1352,12:22:35
0.0,1353,12:22:35
0.0,1354,12:22:36
0.26666666666666666,1355,12:22:36
0.0,1356,12:22:36
0.0,1357,12:22:36
0.0,1358,12:22:38
0.19999999999999998,1359,12:22:38
0.0,1360,12:22:38
0.5333333333333333,1361,12:22:38
0.0,1362,12:22:40
0.19999999999999998,1363,12:22:40
0.0,1364,12:22:40
0.5333333333333333,1365,12:22:40
0.19999999999999998,1366,12:22:42
0.5333333333333333,1367,12:22:42
0.0,1368,12:22:42
0.0,1369,12:22:42
1.0,1370,12:22:44
0.4,1371,12:22:44
0.0,1372,12:22:44
0.0,1373,12:22:44
1.0,1374,12:22:46
0.30000000000000004,1375,12:22:46
1.0,1376,12:22:46
0.0,1377,12:22:46
1.0,1378,12:22:48
0.8,1379,12:22:48
0.0,1380,12:22:48
0.0,1381,12:22:48
0.30000000000000004,1382,12:22:50
0.30000000000000004,1383,12:22:50
0.30000000000000004,1384,12:22:50
0.30000000000000004,1385,12:22:50
0.0,1386,12:22:50
0.30000000000000004,1387,12:22:52
0.4,1388,12:22:52
0.0,1389,12:22:52
0.0,1390,12:22:52
0.0,1391,12:22:52
0.30000000000000004,1392,12:22:53
0.4,1393,12:22:53
0.0,1394,12:22:54
0.0,1395,12:22:54
0.0,1396,12:22:54
0.4,1397,12:22:55
0.4,1398,12:22:55
0.0,1399,12:22:55
0.0,1400,12:22:56
0.0,1401,12:22:56
0.8,1402,12:22:57
0.4,1403,12:22:57
1.0,1404,12:22:57
0.0,1405,12:22:58
0.0,1406,12:22:58
0.8,1407,12:22:59
0.4,1408,12:22:59
0.0,1409,12:22:59
0.30000000000000004,1410,12:23:00
0.0,1411,12:23:00
0.8,1412,12:23:01
0.4,1413,12:23:01
1.0,1414,12:23:01
0.30000000000000004,1415,12:23:01
0.0,1416,12:23:01
0.8,1417,12:23:03
0.4,1418,12:23:03
1.0,1419,12:23:03
0.0,1420,12:23:03
0.0,1421,12:23:03
0.8,1422,12:23:05
0.4,1423,12:23:05
0.30000000000000004,1424,12:23:05
0.0,1425,12:23:05
0.0,1426,12:23:05
0.30000000000000004,1427,12:23:07
0.26666666666666666,1428,12:23:07
0.0,1429,12:23:07
0.6666666666666666,1430,12:23:07
0.0,1431,12:23:07
0.26666666666666666,1432,12:23:09
0.26666666666666666,1433,12:23:09
0.0,1434,12:23:09
0.5333333333333333,1435,12:23:09
0.0,1436,12:23:09
0.26666666666666666,1437,12:23:11
0.5333333333333333,1438,12:23:11
0.19999999999999998,1439,12:23:11
0.0,1440,12:23:11
0.0,1441,12:23:11
0.0,1442,12:23:13
0.26666666666666666,1443,12:23:13
0.0,1444,12:23:13
0.0,1445,12:23:13
0.0,1446,12:23:13
0.26666666666666666,1447,12:23:15
0.19999999999999998,1448,12:23:15
0.0,1449,12:23:15
0.19999999999999998,1450,12:23:15
0.0,1451,12:23:15
0.26666666666666666,1452,12:23:17
0.0,1453,12:23:17
0.0,1454,12:23:17
0.0,1455,12:23:17
0.0,1456,12:23:17
0.26666666666666666,1457,12:23:19
0.0,1458,12:23:19
0.0,1459,12:23:19
0.0,1460,12:23:19
0.0,1461,12:23:19
0.26666666666666666,1462,12:23:20
0.19999999999999998,1463,12:23:20
0.0,1464,12:23:21
0.0,1465,12:23:21
0.0,1466,12:23:21
0.0,1467,12:23:22
0.19999999999999998,1468,12:23:22
0.0,1469,12:23:23
0.0,1470,12:23:23
0.0,1471,12:23:23
0.19999999999999998,1472,12:23:24
0.19999999999999998,1473,12:23:24
0.19999999999999998,1474,12:23:24
0.0,1475,12:23:25
0.0,1476,12:23:25
0.0,1477,12:23:26
0.0,1478,12:23:26
0.19999999999999998,1479,12:23:26
0.0,1480,12:23:26
0.0,1481,12:23:26
0.0,1482,12:23:28
0.5333333333333333,1483,12:23:28
0.0,1484,12:23:28
0.6666666666666666,1485,12:23:28
0.0,1486,12:23:28
0.19999999999999998,1487,12:23:30
0.5333333333333333,1488,12:23:30
0.0,1489,12:23:30
0.0,1490,12:23:30
0.0,1491,12:23:30
0.0,1492,12:23:32
0.5333333333333333,1493,12:23:32
0.26666666666666666,1494,12:23:32
0.26666666666666666,1495,12:23:32
0.6666666666666666,1496,12:23:32
0.0,1497,12:23:34
0.26666666666666666,1498,12:23:34
0.0,1499,12:23:34
0.26666666666666666,1500,12:23:34
0.0,1501,12:23:34
0.0,1502,12:23:36
0.19999999999999998,1503,12:23:36
0.19999999999999998,1504,12:23:36
0.26666666666666666,1505,12:23:36
0.0,1506,12:23:38
0.19999999999999998,1507,12:23:38
0.0,1508,12:23:38
0.26666666666666666,1509,12:23:38
0.0,1510,12:23:40
0.19999999999999998,1511,12:23:40
0.0,1512,12:23:40
0.26666666666666666,1513,12:23:40
0.0,1514,12:23:42
0.19999999999999998,1515,12:23:42
0.6666666666666666,1516,12:23:42
0.26666666666666666,1517,12:23:42
0.0,1518,12:23:44
0.26666666666666666,1519,12:23:44
0.0,1520,12:23:44
0.6666666666666666,1521,12:23:44
0.26666666666666666,1522,12:23:44
0.0,1523,12:23:45
0.19999999999999998,1524,12:23:45
0.0,1525,12:23:46
0.6666666666666666,1526,12:23:46
0.26666666666666666,1527,12:23:46
0.19999999999999998,1528,12:23:47
0.0,1529,12:23:47
0.0,1530,12:23:48
0.0,1531,12:23:48
0.19999999999999998,1532,12:23:49
0.0,1533,12:23:49
0.0,1534,12:23:49
0.19999999999999998,1535,12:23:51
0.0,1536,12:23:51
0.6666666666666666,1537,12:23:51
0.0,1538,12:23:51
0.0,1539,12:23:53
0.6666666666666666,1540,12:23:53
0.0,1541,12:23:53
0.19999999999999998,1542,12:23:55
0.19999999999999998,1543,12:23:55
0.26666666666666666,1544,12:23:55
0.0,1545,12:23:57
0.19999999999999998,1546,12:23:57
0.0,1547,12:23:57
0.26666666666666666,1548,12:23:57
0.19999999999999998,1549,12:23:59
0.0,1550,12:23:59
0.26666666666666666,1551,12:23:59
0.19999999999999998,1552,12:24:01
0.0,1553,12:24:01
0.26666666666666666,1554,12:24:01
0.19999999999999998,1555,12:24:01
0.19999999999999998,1556,12:24:02
0.6666666666666666,1557,12:24:03
0.26666666666666666,1558,12:24:03
0.0,1559,12:24:03
0.19999999999999998,1560,12:24:04
0.19999999999999998,1561,12:24:04
0.0,1562,12:24:04
0.26666666666666666,1563,12:24:04
0.19999999999999998,1564,12:24:05
0.26666666666666666,1565,12:24:06
0.19999999999999998,1566,12:24:06
0.0,1567,12:24:06
0.26666666666666666,1568,12:24:06
0.0,1569,12:24:07
0.19999999999999998,1570,12:24:08
0.0,1571,12:24:08
0.0,1572,12:24:08
0.0,1573,12:24:08
0.26666666666666666,1574,12:24:08
0.0,1575,12:24:08
0.26666666666666666,1576,12:24:10
0.0,1577,12:24:10
0.0,1578,12:24:10
0.19999999999999998,1579,12:24:10
0.0,1580,12:24:10
0.26666666666666666,1581,12:24:10
0.0,1582,12:24:10
0.19999999999999998,1583,12:24:12
0.0,1584,12:24:12
0.0,1585,12:24:12
0.26666666666666666,1586,12:24:12
0.19999999999999998,1587,12:24:14
0.0,1588,12:24:14
0.0,1589,12:24:14
0.26666666666666666,1590,12:24:14
0.19999999999999998,1591,12:24:16
0.0,1592,12:24:16
0.0,1593,12:24:16
0.26666666666666666,1594,12:24:16
0.19999999999999998,1595,12:24:16
0.19999999999999998,1596,12:24:18
0.0,1597,12:24:18
0.0,1598,12:24:18
0.0,1599,12:24:18
0.0,1600,12:24:18
0.19999999999999998,1601,12:24:20
0.19999999999999998,1602,12:24:20
0.0,1603,12:24:20
0.26666666666666666,1604,12:24:20
0.26666666666666666,1605,12:24:20
0.19999999999999998,1606,12:24:22
0.26666666666666666,1607,12:24:22
0.0,1608,12:24:22
0.0,1609,12:24:22
0.26666666666666666,1610,12:24:22
0.19999999999999998,1611,12:24:24
0.19999999999999998,1612,12:24:24
0.19999999999999998,1613,12:24:24
0.0,1614,12:24:24
0.26666666666666666,1615,12:24:24
0.0,1616,12:24:26
0.19999999999999998,1617,12:24:26
0.0,1618,12:24:26
0.0,1619,12:24:26
0.26666666666666666,1620,12:24:26
0.19999999999999998,1621,12:24:28
0.0,1622,12:24:28
0.0,1623,12:24:28
0.26666666666666666,1624,12:24:28
0.0,1625,12:24:28
0.19999999999999998,1626,12:24:30
0.0,1627,12:24:30
0.0,1628,12:24:30
0.26666666666666666,1629,12:24:30
0.0,1630,12:24:30
0.19999999999999998,1631,12:24:32
0.0,1632,12:24:32
0.19999999999999998,1633,12:24:32
0.26666666666666666,1634,12:24:32
0.0,1635,12:24:32
0.26666666666666666,1636,12:24:33
0.19999999999999998,1637,12:24:33
0.26666666666666666,1638,12:24:34
0.0,1639,12:24:34
0.26666666666666666,1640,12:24:35
0.26666666666666666,1641,12:24:35
0.19999999999999998,1642,12:24:35
0.0,1643,12:24:35
0.19999999999999998,1644,12:24:37
0.26666666666666666,1645,12:24:37
0.0,1646,12:24:37
0.0,1647,12:24:37
0.26666666666666666,1648,12:24:39
0.26666666666666666,1649,12:24:39
0.26666666666666666,1650,12:24:39
0.26666666666666666,1651,12:24:39
0.26666666666666666,1652,12:24:41
0.26666666666666666,1653,12:24:41
0.26666666666666666,1654,12:24:41
0.0,1655,12:24:41
0.26666666666666666,1656,12:24:43
0.0,1657,12:24:43
0.19999999999999998,1658,12:24:43
0.0,1659,12:24:43
0.26666666666666666,1660,12:24:45
0.5333333333333333,1661,12:24:45
0.19999999999999998,1662,12:24:45
0.0,1663,12:24:45
0.6666666666666666,1664,12:24:45
0.26666666666666666,1665,12:24:47
0.26666666666666666,1666,12:24:47
0.26666666666666666,1667,12:24:47
0.19999999999999998,1668,12:24:47
0.0,1669,12:24:47
0.26666666666666666,1670,12:24:49
0.19999999999999998,1671,12:24:49
0.0,1672,12:24:49
0.26666666666666666,1673,12:24:49
0.0,1674,12:24:49
0.19999999999999998,1675,12:24:51
0.0,1676,12:24:51
0.26666666666666666,1677,12:24:51
0.0,1678,12:24:51
0.19999999999999998,1679,12:24:53
0.26666666666666666,1680,12:24:53
0.0,1681,12:24:53
0.0,1682,12:24:53
0.26666666666666666,1683,12:24:55
0.19999999999999998,1684,12:24:55
0.6666666666666666,1685,12:24:55
0.0,1686,12:24:55
0.19999999999999998,1687,12:24:55
0.4,1688,12:24:57
0.30000000000000004,1689,12:24:57
1.0,1690,12:24:57
0.30000000000000004,1691,12:24:57
0.4,1692,12:24:59
0.0,1693,12:24:59
0.30000000000000004,1694,12:24:59
0.4,1695,12:24:59
0.30000000000000004,1696,12:25:00
0.4,1697,12:25:00
1.0,1698,12:25:01
0.4,1699,12:25:01
0.4,1700,12:25:01
0.30000000000000004,1701,12:25:02
0.4,1702,12:25:02
0.0,1703,12:25:03
0.4,1704,12:25:03
0.4,1705,12:25:04
0.30000000000000004,1706,12:25:04
0.4,1707,12:25:04
0.6666666666666666,1708,12:25:05
0.19999999999999998,1709,12:25:05
0.26666666666666666,1710,12:25:06
0.26666666666666666,1711,12:25:06
0.19999999999999998,1712,12:25:06
0.26666666666666666,1713,12:25:07
0.26666666666666666,1714,12:25:07
0.6666666666666666,1715,12:25:07
0.6666666666666666,1716,12:25:08
0.26666666666666666,1717,12:25:08
0.19999999999999998,1718,12:25:08
0.26666666666666666,1719,12:25:08
0.26666666666666666,1720,12:25:09
0.0,1721,12:25:09
0.6666666666666666,1722,12:25:10
0.19999999999999998,1723,12:25:10
0.26666666666666666,1724,12:25:10
0.26666666666666666,1725,12:25:10
0.19999999999999998,1726,12:25:10
0.26666666666666666,1727,12:25:12
0.19999999999999998,1728,12:25:12
0.19999999999999998,1729,12:25:12
0.26666666666666666,1730,12:25:12
0.26666666666666666,1731,12:25:12
0.0,1732,12:25:13
0.26666666666666666,1733,12:25:14
0.19999999999999998,1734,12:25:14
0.26666666666666666,1735,12:25:14
0.26666666666666666,1736,12:25:14
0.0,1737,12:25:14
0.19999999999999998,1738,12:25:16
0.26666666666666666,1739,12:25:16
0.26666666666666666,1740,12:25:16
0.0,1741,12:25:16
0.26666666666666666,1742,12:25:18
0.19999999999999998,1743,12:25:18
0.26666666666666666,1744,12:25:18
0.0,1745,12:25:18
0.26666666666666666,1746,12:25:20
0.19999999999999998,1747,12:25:20
0.26666666666666666,1748,12:25:20
0.0,1749,12:25:20
0.19999999999999998,1750,12:25:22
0.0,1751,12:25:22
0.26666666666666666,1752,12:25:22
0.26666666666666666,1753,12:25:22
0.6666666666666666,1754,12:25:22
0.6666666666666666,1755,12:25:22
0.0,1756,12:25:24
0.0,1757,12:25:24
0.26666666666666666,1758,12:25:24
0.26666666666666666,1759,12:25:24
0.0,1760,12:25:24
0.6666666666666666,1761,12:25:24
0.19999999999999998,1762,12:25:26
0.19999999999999998,1763,12:25:26
0.26666666666666666,1764,12:25:26
0.26666666666666666,1765,12:25:26
0.6666666666666666,1766,12:25:26
0.19999999999999998,1767,12:25:26
0.0,1768,12:25:28
0.19999999999999998,1769,12:25:28
0.26666666666666666,1770,12:25:28
0.26666666666666666,1771,12:25:28
0.19999999999999998,1772,12:25:28
0.19999999999999998,1773,12:25:28
0.0,1774,12:25:30
0.0,1775,12:25:30
0.0,1776,12:25:30
0.26666666666666666,1777,12:25:30
0.0,1778,12:25:30
0.26666666666666666,1779,12:25:30
0.26666666666666666,1780,12:25:30
0.19999999999999998,1781,12:25:32
0.0,1782,12:25:32
0.26666666666666666,1783,12:25:32
0.26666666666666666,1784,12:25:32
0.0,1785,12:25:32
0.26666666666666666,1786,12:25:32
0.0,1787,12:25:34
0.0,1788,12:25:34
0.13333333333333333,1789,12:25:34
0.13333333333333333,1790,12:25:34
0.0,1791,12:25:34
0.09999999999999999,1792,12:25:34
0.0,1793,12:25:36
0.09999999999999999,1794,12:25:36
0.13333333333333333,1795,12:25:36
0.13333333333333333,1796,12:25:36
0.0,1797,12:25:36
0.13333333333333333,1798,12:25:36
0.0,1799,12:25:38
0.0,1800,12:25:38
0.09999999999999999,1801,12:25:38
0.13333333333333333,1802,12:25:38
0.0,1803,12:25:38
0.13333333333333333,1804,12:25:38
0.0,1805,12:25:40
0.0,1806,12:25:40
0.0,1807,12:25:40
0.26666666666666666,1808,12:25:40
0.0,1809,12:25:40
0.26666666666666666,1810,12:25:40
0.19999999999999998,1811,12:25:42
0.19999999999999998,1812,12:25:42
0.26666666666666666,1813,12:25:42
0.0,1814,12:25:42
0.26666666666666666,1815,12:25:42
0.26666666666666666,1816,12:25:42
0.6666666666666666,1817,12:25:44
0.19999999999999998,1818,12:25:44
0.26666666666666666,1819,12:25:44
0.0,1820,12:25:44
0.26666666666666666,1821,12:25:44
0.26666666666666666,1822,12:25:44
0.6666666666666666,1823,12:25:46
0.19999999999999998,1824,12:25:46
0.26666666666666666,1825,12:25:46
0.6666666666666666,1826,12:25:46
0.26666666666666666,1827,12:25:46
0.26666666666666666,1828,12:25:46
0.6666666666666666,1829,12:25:48
0.0,1830,12:25:48
0.26666666666666666,1831,12:25:48
0.0,1832,12:25:48
0.26666666666666666,1833,12:25:48
0.26666666666666666,1834,12:25:48
0.6666666666666666,1835,12:25:50
0.19999999999999998,1836,12:25:50
0.26666666666666666,1837,12:25:50
0.6666666666666666,1838,12:25:50
0.26666666666666666,1839,12:25:50
0.26666666666666666,1840,12:25:50
0.6666666666666666,1841,12:25:52
0.19999999999999998,1842,12:25:52
0.26666666666666666,1843,12:25:52
0.0,1844,12:25:52
0.6666666666666666,1845,12:25:54
0.19999999999999998,1846,12:25:54
0.26666666666666666,1847,12:25:54
0.30000000000000004,1848,12:25:54
1.0,1849,12:25:56
0.0,1850,12:25:56
0.0,1851,12:25:56
0.4,1852,12:25:56
0.0,1853,12:25:56
1.0,1854,12:25:58
0.0,1855,12:25:58
0.4,1856,12:25:58
0.30000000000000004,1857,12:25:58
0.0,1858,12:25:58
0.4,1859,12:25:58
1.0,1860,12:26:00
0.4,1861,12:26:00
0.30000000000000004,1862,12:26:00
0.4,1863,12:26:00
0.0,1864,12:26:00
0.4,1865,12:26:00
1.0,1866,12:26:02
0.0,1867,12:26:02
0.30000000000000004,1868,12:26:02
0.4,1869,12:26:02
0.0,1870,12:26:02
0.4,1871,12:26:02
0.0,1872,12:26:04
0.0,1873,12:26:04
0.30000000000000004,1874,12:26:04
0.4,1875,12:26:04
0.0,1876,12:26:04
0.4,1877,12:26:04
0.30000000000000004,1878,12:26:06
0.0,1879,12:26:06
0.4,1880,12:26:06
0.0,1881,12:26:06
0.4,1882,12:26:06
0.30000000000000004,1883,12:26:08
0.30000000000000004,1884,12:26:08
0.4,1885,12:26:08
0.0,1886,12:26:08
0.4,1887,12:26:08
0.0,1888,12:26:10
0.30000000000000004,1889,12:26:10
0.30000000000000004,1890,12:26:10
0.4,1891,12:26:10
1.0,1892,12:26:10
0.4,1893,12:26:10
0.30000000000000004,1894,12:26:10
0.30000000000000004,1895,12:26:12
0.30000000000000004,1896,12:26:12
0.30000000000000004,1897,12:26:12
0.4,1898,12:26:12
0.0,1899,12:26:12
0.4,1900,12:26:12
1.0,1901,12:26:12
0.30000000000000004,1902,12:26:14
0.0,1903,12:26:14
0.4,1904,12:26:14
0.30000000000000004,1905,12:26:14
1.0,1906,12:26:14
0.4,1907,12:26:14
0.19999999999999998,1908,12:26:14
0.0,1909,12:26:16
0.19999999999999998,1910,12:26:16
0.26666666666666666,1911,12:26:16
0.19999999999999998,1912,12:26:16
0.19999999999999998,1913,12:26:16
0.26666666666666666,1914,12:26:16
0.19999999999999998,1915,12:26:16
0.19999999999999998,1916,12:26:18
0.19999999999999998,1917,12:26:18
0.26666666666666666,1918,12:26:18
0.19999999999999998,1919,12:26:18
0.0,1920,12:26:18
0.19999999999999998,1921,12:26:18
0.0,1922,12:26:20
0.0,1923,12:26:20
0.26666666666666666,1924,12:26:20
0.19999999999999998,1925,12:26:20
0.0,1926,12:26:20
0.26666666666666666,1927,12:26:20
0.30000000000000004,1928,12:26:22
0.4,1929,12:26:22
0.30000000000000004,1930,12:26:22
1.0,1931,12:26:22
0.30000000000000004,1932,12:26:22
0.0,1933,12:26:24
0.8,1934,12:26:24
0.4,1935,12:26:24
1.0,1936,12:26:24
0.30000000000000004,1937,12:26:24
0.30000000000000004,1938,12:26:26
0.8,1939,12:26:26
0.4,1940,12:26:26
0.0,1941,12:26:26
0.0,1942,12:26:26
0.0,1943,12:26:28
0.30000000000000004,1944,12:26:28
0.4,1945,12:26:28
0.0,1946,12:26:28
0.30000000000000004,1947,12:26:30
0.4,1948,12:26:30
0.4,1949,12:26:30
0.0,1950,12:26:30
0.0,1951,12:26:30
0.0,1952,12:26:32
0.0,1953,12:26:32
0.4,1954,12:26:32
0.0,1955,12:26:32
0.0,1956,12:26:34
0.4,1957,12:26:34
0.4,1958,12:26:34
0.4,1959,12:26:34
1.0,1960,12:26:34
0.0,1961,12:26:36
0.30000000000000004,1962,12:26:36
0.4,1963,12:26:36
0.4,1964,12:26:36
0.0,1965,12:26:36
0.0,1966,12:26:38
0.30000000000000004,1967,12:26:38
0.4,1968,12:26:38
0.4,1969,12:26:38
0.0,1970,12:26:38
0.0,1971,12:26:40
0.0,1972,12:26:40
0.4,1973,12:26:40
0.4,1974,12:26:40
0.0,1975,12:26:40
0.0,1976,12:26:40
0.0,1977,12:26:42
0.0,1978,12:26:42
0.4,1979,12:26:42
0.0,1980,12:26:42
0.4,1981,12:26:42
0.30000000000000004,1982,12:26:42
0.0,1983,12:26:44
0.30000000000000004,1984,12:26:44
0.4,1985,12:26:44
0.0,1986,12:26:44
0.4,1987,12:26:44
0.0,1988,12:26:44
0.0,1989,12:26:46
0.0,1990,12:26:46
0.26666666666666666,1991,12:26:46
0.0,1992,12:26:46
0.26666666666666666,1993,12:26:46
0.19999999999999998,1994,12:26:46
0.19999999999999998,1995,12:26:48
0.0,1996,12:26:48
0.26666666666666666,1997,12:26:48
0.19999999999999998,1998,12:26:48
0.19999999999999998,1999,12:26:48
0.19999999999999998,2000,12:26:48
0.0,2001,12:26:50
0.5333333333333333,2002,12:26:50
0.26666666666666666,2003,12:26:50
0.19999999999999998,2004,12:26:50
0.0,2005,12:26:50
0.19999999999999998,2006,12:26:50
0.19999999999999998,2007,12:26:52
0.26666666666666666,2008,12:26:52
0.19999999999999998,2009,12:26:52
0.0,2010,12:26:52
0.19999999999999998,2011,12:26:52
0.0,2012,12:26:54
0.19999999999999998,2013,12:26:54
0.26666666666666666,2014,12:26:54
0.0,2015,12:26:54
0.19999999999999998,2016,12:26:54
0.0,2017,12:26:54
0.19999999999999998,2018,12:26:56
0.19999999999999998,2019,12:26:56
0.26666666666666666,2020,12:26:56
0.0,2021,12:26:56
0.19999999999999998,2022,12:26:56
0.0,2023,12:26:56
0.19999999999999998,2024,12:26:58
0.0,2025,12:26:58
0.26666666666666666,2026,12:26:58
0.26666666666666666,2027,12:26:58
0.0,2028,12:26:58
0.19999999999999998,2029,12:26:58
0.0,2030,12:27:00
0.0,2031,12:27:00
0.26666666666666666,2032,12:27:00
0.19999999999999998,2033,12:27:00
0.6666666666666666,2034,12:27:00
0.19999999999999998,2035,12:27:00
0.26666666666666666,2036,12:27:02
0.26666666666666666,2037,12:27:02
0.19999999999999998,2038,12:27:02
0.0,2039,12:27:02
0.6666666666666666,2040,12:27:02
0.0,2041,12:27:04
0.26666666666666666,2042,12:27:04
0.19999999999999998,2043,12:27:04
0.0,2044,12:27:04
0.0,2045,12:27:04
0.0,2046,12:27:06
0.26666666666666666,2047,12:27:06
0.30000000000000004,2048,12:27:06
0.0,2049,12:27:06
0.0,2050,12:27:06
0.4,2051,12:27:08
0.4,2052,12:27:08
1.0,2053,12:27:08
0.0,2054,12:27:08
0.0,2055,12:27:10
0.8,2056,12:27:10
1.0,2057,12:27:10
0.0,2058,12:27:10
0.8,2059,12:27:12
0.4,2060,12:27:12
1.0,2061,12:27:12
1.0,2062,12:27:12
0.30000000000000004,2063,12:27:14
0.4,2064,12:27:14
1.0,2065,12:27:14
1.0,2066,12:27:14
0.0,2067,12:27:15
0.26666666666666666,2068,12:27:16
0.26666666666666666,2069,12:27:16
0.0,2070,12:27:16
0.0,2071,12:27:17
0.6666666666666666,2072,12:27:17
0.5333333333333333,2073,12:27:18
0.0,2074,12:27:18
0.19999999999999998,2075,12:27:19
0.6666666666666666,2076,12:27:19
0.6666666666666666,2077,12:27:19
0.0,2078,12:27:19
0.0,2079,12:27:21
0.6666666666666666,2080,12:27:21
0.6666666666666666,2081,12:27:21
0.0,2082,12:27:21
0.0,2083,12:27:23
0.6666666666666666,2084,12:27:23
0.6666666666666666,2085,12:27:23
0.6666666666666666,2086,12:27:23
0.19999999999999998,2087,12:27:25
0.8,2088,12:27:25
0.0,2089,12:27:25
0.30000000000000004,2090,12:27:25
0.30000000000000004,2091,12:27:25
0.0,2092,12:27:27
0.0,2093,12:27:27
0.30000000000000004,2094,12:27:27
0.8,2095,12:27:27
0.0,2096,12:27:27
0.0,2097,12:27:27
0.0,2098,12:27:29
0.8,2099,12:27:29
0.0,2100,12:27:29
1.0,2101,12:27:29
0.0,2102,12:27:29
0.0,2103,12:27:29
0.30000000000000004,2104,12:27:31
0.0,2105,12:27:31
0.0,2106,12:27:31
0.0,2107,12:27:31
0.8,2108,12:27:31
0.0,2109,12:27:31
0.30000000000000004,2110,12:27:32
0.0,2111,12:27:33
0.0,2112,12:27:33
0.0,2113,12:27:33
0.8,2114,12:27:33
0.0,2115,12:27:33
0.0,2116,12:27:34
0.0,2117,12:27:35
0.4,2118,12:27:35
0.30000000000000004,2119,12:27:35
0.30000000000000004,2120,12:27:35
1.0,2121,12:27:35
0.0,2122,12:27:36
0.0,2123,12:27:36
0.0,2124,12:27:37
0.30000000000000004,2125,12:27:37
0.30000000000000004,2126,12:27:37
0.4,2127,12:27:37
0.0,2128,12:27:38
0.0,2129,12:27:38
0.19999999999999998,2130,12:27:39
0.19999999999999998,2131,12:27:39
0.26666666666666666,2132,12:27:39
0.0,2133,12:27:40
0.0,2134,12:27:40
0.0,2135,12:27:41
0.19999999999999998,2136,12:27:41
0.19999999999999998,2137,12:27:41
0.5333333333333333,2138,12:27:41
0.0,2139,12:27:41
0.0,2140,12:27:42
0.19999999999999998,2141,12:27:43
0.19999999999999998,2142,12:27:43
0.26666666666666666,2143,12:27:43
0.0,2144,12:27:43
0.0,2145,12:27:43
0.0,2146,12:27:45
0.19999999999999998,2147,12:27:45
0.5333333333333333,2148,12:27:45
0.0,2149,12:27:46
0.0,2150,12:27:46
0.0,2151,12:27:47
0.19999999999999998,2152,12:27:47
0.19999999999999998,2153,12:27:47
0.26666666666666666,2154,12:27:47
0.0,2155,12:27:47
0.19999999999999998,2156,12:27:49
0.19999999999999998,2157,12:27:49
0.26666666666666666,2158,12:27:49
0.6666666666666666,2159,12:27:49
0.0,2160,12:27:51
0.19999999999999998,2161,12:27:51
0.19999999999999998,2162,12:27:51
0.26666666666666666,2163,12:27:51
0.6666666666666666,2164,12:27:51
0.19999999999999998,2165,12:27:53
0.19999999999999998,2166,12:27:53
0.5333333333333333,2167,12:27:53
0.6666666666666666,2168,12:27:53
0.0,2169,12:27:55
0.0,2170,12:27:55
0.26666666666666666,2171,12:27:55
0.6666666666666666,2172,12:27:55
0.0,2173,12:27:57
0.26666666666666666,2174,12:27:57
0.0,2175,12:27:57
0.0,2176,12:27:59
0.26666666666666666,2177,12:27:59
0.6666666666666666,2178,12:27:59
0.0,2179,12:28:01
0.6666666666666666,2180,12:28:01
0.6666666666666666,2181,12:28:01
0.5333333333333333,2182,12:28:02
0.26666666666666666,2183,12:28:03
0.6666666666666666,2184,12:28:03
0.26666666666666666,2185,12:28:04
0.6666666666666666,2186,12:28:04
0.0,2187,12:28:04
0.19999999999999998,2188,12:28:06
0.26666666666666666,2189,12:28:06
0.0,2190,12:28:06
0.0,2191,12:28:08
0.19999999999999998,2192,12:28:08
0.0,2193,12:28:08
0.6666666666666666,2194,12:28:08
0.0,2195,12:28:08
0.19999999999999998,2196,12:28:08
0.19999999999999998,2197,12:28:10
0.19999999999999998,2198,12:28:10
0.5333333333333333,2199,12:28:10
0.19999999999999998,2200,12:28:10
0.6666666666666666,2201,12:28:10
0.19999999999999998,2202,12:28:12
0.19999999999999998,2203,12:28:12
0.5333333333333333,2204,12:28:12
0.26666666666666666,2205,12:28:12
0.0,2206,12:28:12
0.26666666666666666,2207,12:28:14
0.26666666666666666,2208,12:28:14
0.26666666666666666,2209,12:28:14
0.26666666666666666,2210,12:28:14
0.0,2211,12:28:14
0.19999999999999998,2212,12:28:14
0.26666666666666666,2213,12:28:16
0.19999999999999998,2214,12:28:16
0.26666666666666666,2215,12:28:16
0.0,2216,12:28:16
0.26666666666666666,2217,12:28:16
0.26666666666666666,2218,12:28:18
0.19999999999999998,2219,12:28:18
0.26666666666666666,2220,12:28:18
0.0,2221,12:28:18
0.26666666666666666,2222,12:28:20
0.26666666666666666,2223,12:28:20
0.0,2224,12:28:20
0.26666666666666666,2225,12:28:20
0.0,2226,12:28:22
0.26666666666666666,2227,12:28:22
0.26666666666666666,2228,12:28:22
0.19999999999999998,2229,12:28:22
0.19999999999999998,2230,12:28:23
0.26666666666666666,2231,12:28:23
0.6666666666666666,2232,12:28:24
0.0,2233,12:28:24
0.19999999999999998,2234,12:28:24
0.26666666666666666,2235,12:28:25
0.19999999999999998,2236,12:28:25
0.6666666666666666,2237,12:28:25
0.26666666666666666,2238,12:28:25
0.0,2239,12:28:25
0.26666666666666666,2240,12:28:27
0.19999999999999998,2241,12:28:27
0.26666666666666666,2242,12:28:27
0.0,2243,12:28:27
0.0,2244,12:28:27
0.19999999999999998,2245,12:28:29
0.26666666666666666,2246,12:28:29
0.19999999999999998,2247,12:28:29
0.6666666666666666,2248,12:28:29
0.0,2249,12:28:29
0.0,2250,12:28:29
0.26666666666666666,2251,12:28:31
0.5333333333333333,2252,12:28:31
0.6666666666666666,2253,12:28:31
0.0,2254,12:28:31
0.0,2255,12:28:31
0.26666666666666666,2256,12:28:33
0.19999999999999998,2257,12:28:33
0.5333333333333333,2258,12:28:33
0.6666666666666666,2259,12:28:33
0.0,2260,12:28:33
0.19999999999999998,2261,12:28:35
0.5333333333333333,2262,12:28:35
0.5333333333333333,2263,12:28:35
0.0,2264,12:28:35
0.0,2265,12:28:35
0.0,2266,12:28:37
0.19999999999999998,2267,12:28:37
0.19999999999999998,2268,12:28:37
0.0,2269,12:28:37
0.0,2270,12:28:37
0.19999999999999998,2271,12:28:39
0.19999999999999998,2272,12:28:39
0.26666666666666666,2273,12:28:39
0.0,2274,12:28:39
0.0,2275,12:28:39
0.19999999999999998,2276,12:28:41
0.0,2277,12:28:41
0.0,2278,12:28:41
0.0,2279,12:28:41
0.19999999999999998,2280,12:28:43
0.19999999999999998,2281,12:28:43
0.0,2282,12:28:43
0.0,2283,12:28:43
0.0,2284,12:28:43
0.19999999999999998,2285,12:28:45
0.19999999999999998,2286,12:28:45
0.0,2287,12:28:45
0.0,2288,12:28:45
0.0,2289,12:28:45
0.4,2290,12:28:47
0.0,2291,12:28:47
0.4,2292,12:28:47
0.0,2293,12:28:47
0.30000000000000004,2294,12:28:49
0.0,2295,12:28:49
0.0,2296,12:28:49
0.0,2297,12:28:49
0.30000000000000004,2298,12:28:51
0.0,2299,12:28:51
0.30000000000000004,2300,12:28:51
0.0,2301,12:28:51
0.0,2302,12:28:51
0.0,2303,12:28:51
0.30000000000000004,2304,12:28:53
0.0,2305,12:28:53
1.0,2306,12:28:53
0.30000000000000004,2307,12:28:53
0.0,2308,12:28:53
0.19999999999999998,2309,12:28:55
0.0,2310,12:28:55
0.0,2311,12:28:55
0.0,2312,12:28:55
0.6666666666666666,2313,12:28:55
0.0,2314,12:28:56
0.19999999999999998,2315,12:28:57
0.0,2316,12:28:57
0.0,2317,12:28:57
0.0,2318,12:28:57
0.19999999999999998,2319,12:28:58
0.26666666666666666,2320,12:28:59
0.0,2321,12:28:59
0.0,2322,12:28:59
0.26666666666666666,2323,12:28:59
0.0,2324,12:29:00
0.26666666666666666,2325,12:29:00
0.19999999999999998,2326,12:29:01
0.0,2327,12:29:01
0.26666666666666666,2328,12:29:01
0.19999999999999998,2329,12:29:02
0.19999999999999998,2330,12:29:02
0.19999999999999998,2331,12:29:03
0.0,2332,12:29:03
0.6666666666666666,2333,12:29:03
0.19999999999999998,2334,12:29:04
0.19999999999999998,2335,12:29:04
0.6666666666666666,2336,12:29:04
0.26666666666666666,2337,12:29:05
0.6666666666666666,2338,12:29:05
0.6666666666666666,2339,12:29:06
0.0,2340,12:29:06
0.19999999999999998,2341,12:29:07
0.26666666666666666,2342,12:29:07
0.6666666666666666,2343,12:29:07
0.26666666666666666,2344,12:29:08
0.26666666666666666,2345,12:29:09
0.6666666666666666,2346,12:29:09
0.19999999999999998,2347,12:29:09
0.0,2348,12:29:11
0.0,2349,12:29:11
0.0,2350,12:29:11
0.26666666666666666,2351,12:29:11
0.6666666666666666,2352,12:29:11
0.0,2353,12:29:11
0.0,2354,12:29:12
0.0,2355,12:29:13
0.26666666666666666,2356,12:29:13
0.26666666666666666,2357,12:29:13
0.6666666666666666,2358,12:29:13
0.0,2359,12:29:13
0.0,2360,12:29:14
0.26666666666666666,2361,12:29:14
0.26666666666666666,2362,12:29:15
0.0,2363,12:29:15
0.0,2364,12:29:15
0.19999999999999998,2365,12:29:17
0.26666666666666666,2366,12:29:17
0.26666666666666666,2367,12:29:17
0.6666666666666666,2368,12:29:17
0.0,2369,12:29:17
0.26666666666666666,2370,12:29:18
0.26666666666666666,2371,12:29:18
0.26666666666666666,2372,12:29:18
0.6666666666666666,2373,12:29:19
0.0,2374,12:29:19
0.19999999999999998,2375,12:29:20
0.19999999999999998,2376,12:29:20
0.26666666666666666,2377,12:29:20
0.6666666666666666,2378,12:29:20
0.0,2379,12:29:21
0.19999999999999998,2380,12:29:22
0.0,2381,12:29:22
0.19999999999999998,2382,12:29:22
0.26666666666666666,2383,12:29:22
0.0,2384,12:29:22
0.0,2385,12:29:22
0.19999999999999998,2386,12:29:24
0.0,2387,12:29:24
0.4,2388,12:29:25
0.0,2389,12:29:25
0.4,2390,12:29:25
0.0,2391,12:29:25
0.0,2392,12:29:26
0.0,2393,12:29:26
0.4,2394,12:29:27
0.4,2395,12:29:27
1.0,2396,12:29:27
0.30000000000000004,2397,12:29:27
0.30000000000000004,2398,12:29:28
0.30000000000000004,2399,12:29:28
0.30000000000000004,2400,12:29:28
0.0,2401,12:29:29
0.4,2402,12:29:29
0.0,2403,12:29:29
0.0,2404,12:29:30
0.0,2405,12:29:30
0.4,2406,12:29:30
0.0,2407,12:29:30
0.0,2408,12:29:31
0.0,2409,12:29:31
0.4,2410,12:29:32
0.30000000000000004,2411,12:29:32
0.4,2412,12:29:33
0.30000000000000004,2413,12:29:33
0.0,2414,12:29:33
0.0,2415,12:29:33
0.30000000000000004,2416,12:29:34
0.0,2417,12:29:34
0.30000000000000004,2418,12:29:35
0.30000000000000004,2419,12:29:35
0.0,2420,12:29:35
0.0,2421,12:29:35
0.4,2422,12:29:36
0.0,2423,12:29:36
0.8,2424,12:29:37
0.30000000000000004,2425,12:29:37
0.8,2426,12:29:37
0.0,2427,12:29:37
0.26666666666666666,2428,12:29:39
0.19999999999999998,2429,12:29:39
0.26666666666666666,2430,12:29:39
0.26666666666666666,2431,12:29:39
0.0,2432,12:29:39
0.19999999999999998,2433,12:29:39
0.19999999999999998,2434,12:29:41
0.0,2435,12:29:41
0.26666666666666666,2436,12:29:41
0.26666666666666666,2437,12:29:41
0.19999999999999998,2438,12:29:41
0.19999999999999998,2439,12:29:41
0.19999999999999998,2440,12:29:43
0.26666666666666666,2441,12:29:43
0.26666666666666666,2442,12:29:43
0.0,2443,12:29:43
0.19999999999999998,2444,12:29:43
0.0,2445,12:29:44
0.26666666666666666,2446,12:29:45
0.26666666666666666,2447,12:29:45
0.0,2448,12:29:45
0.19999999999999998,2449,12:29:45
0.26666666666666666,2450,12:29:46
0.0,2451,12:29:46
0.26666666666666666,2452,12:29:47
0.26666666666666666,2453,12:29:47
0.0,2454,12:29:47
0.19999999999999998,2455,12:29:47
0.26666666666666666,2456,12:29:48
0.26666666666666666,2457,12:29:49
0.19999999999999998,2458,12:29:49
0.6666666666666666,2459,12:29:49
0.0,2460,12:29:49
0.19999999999999998,2461,12:29:49
0.26666666666666666,2462,12:29:50
0.26666666666666666,2463,12:29:50
0.0,2464,12:29:51
0.26666666666666666,2465,12:29:51
0.0,2466,12:29:51
0.19999999999999998,2467,12:29:51
0.26666666666666666,2468,12:29:52
0.19999999999999998,2469,12:29:52
0.0,2470,12:29:52
0.26666666666666666,2471,12:29:53
0.0,2472,12:29:53
0.19999999999999998,2473,12:29:53
0.26666666666666666,2474,12:29:54
0.19999999999999998,2475,12:29:54
0.0,2476,12:29:54
0.26666666666666666,2477,12:29:54
0.0,2478,12:29:55
0.19999999999999998,2479,12:29:55
0.26666666666666666,2480,12:29:56
0.26666666666666666,2481,12:29:56
0.0,2482,12:29:56
0.26666666666666666,2483,12:29:56
0.0,2484,12:29:56
0.19999999999999998,2485,12:29:57
0.26666666666666666,2486,12:29:58
0.26666666666666666,2487,12:29:58
0.0,2488,12:29:58
0.26666666666666666,2489,12:29:58
0.0,2490,12:29:58
0.26666666666666666,2491,12:30:00
0.0,2492,12:30:00
0.0,2493,12:30:01
0.26666666666666666,2494,12:30:01
0.0,2495,12:30:01
0.19999999999999998,2496,12:30:02
0.26666666666666666,2497,12:30:02
0.19999999999999998,2498,12:30:02
0.0,2499,12:30:02
0.0,2500,12:30:04
0.26666666666666666,2501,12:30:04
0.26666666666666666,2502,12:30:04
0.0,2503,12:30:04
0.0,2504,12:30:06
0.26666666666666666,2505,12:30:06
0.19999999999999998,2506,12:30:06
0.0,2507,12:30:06
0.0,2508,12:30:08
0.4,2509,12:30:08
0.30000000000000004,2510,12:30:08
0.0,2511,12:30:08
0.30000000000000004,2512,12:30:10
0.4,2513,12:30:10
0.4,2514,12:30:10
0.0,2515,12:30:10
0.0,2516,12:30:12
0.30000000000000004,2517,12:30:12
0.4,2518,12:30:12
0.0,2519,12:30:12
0.30000000000000004,2520,12:30:14
0.30000000000000004,2521,12:30:14
0.4,2522,12:30:14
0.0,2523,12:30:14
0.30000000000000004,2524,12:30:15
0.0,2525,12:30:15
0.4,2526,12:30:15
0.0,2527,12:30:16
0.0,2528,12:30:17
0.0,2529,12:30:17
0.4,2530,12:30:17
1.0,2531,12:30:17
0.4,2532,12:30:19
0.0,2533,12:30:19
0.4,2534,12:30:19
0.30000000000000004,2535,12:30:19
0.30000000000000004,2536,12:30:21
0.4,2537,12:30:21
1.0,2538,12:30:21
0.30000000000000004,2539,12:30:23
0.0,2540,12:30:23
1.0,2541,12:30:23
0.30000000000000004,2542,12:30:25
0.0,2543,12:30:25
0.30000000000000004,2544,12:30:25
0.4,2545,12:30:27
0.30000000000000004,2546,12:30:27
0.0,2547,12:30:27
0.0,2548,12:30:27
0.30000000000000004,2549,12:30:29
0.0,2550,12:30:29
0.4,2551,12:30:29
0.0,2552,12:30:29
0.30000000000000004,2553,12:30:30
0.30000000000000004,2554,12:30:30
0.0,2555,12:30:30
0.30000000000000004,2556,12:30:30
1.0,2557,12:30:31
0.30000000000000004,2558,12:30:32
0.0,2559,12:30:32
0.30000000000000004,2560,12:30:32
1.0,2561,12:30:32
0.0,2562,12:30:34
0.0,2563,12:30:34
0.4,2564,12:30:34
0.8,2565,12:30:34
0.0,2566,12:30:36
0.30000000000000004,2567,12:30:36
0.4,2568,12:30:36
0.30000000000000004,2569,12:30:36
0.0,2570,12:30:38
0.4,2571,12:30:38
0.0,2572,12:30:38
0.0,2573,12:30:40
0.4,2574,12:30:40
0.30000000000000004,2575,12:30:40
0.0,2576,12:30:41
0.0,2577,12:30:41
0.4,2578,12:30:42
0.30000000000000004,2579,12:30:42
0.30000000000000004,2580,12:30:43
0.30000000000000004,2581,12:30:43
0.4,2582,12:30:43
0.4,2583,12:30:43
0.0,2584,12:30:45
0.4,2585,12:30:45
0.30000000000000004,2586,12:30:45
1.0,2587,12:30:45
0.0,2588,12:30:47
0.0,2589,12:30:47
0.4,2590,12:30:47
1.0,2591,12:30:47
0.0,2592,12:30:49
0.4,2593,12:30:49
0.4,2594,12:30:49
1.0,2595,12:30:49
0.0,2596,12:30:51
0.30000000000000004,2597,12:30:51
0.4,2598,12:30:51
1.0,2599,12:30:51
0.0,2600,12:30:53
0.4,2601,12:30:53
0.4,2602,12:30:53
1.0,2603,12:30:53
0.0,2604,12:30:54
0.4,2605,12:30:54
0.4,2606,12:30:55
1.0,2607,12:30:55
0.0,2608,12:30:56
0.13333333333333333,2609,12:30:56
0.3333333333333333,2610,12:30:56
0.13333333333333333,2611,12:30:58
0.0,2612,12:30:58
0.13333333333333333,2613,12:30:58
0.3333333333333333,2614,12:30:58
0.0,2615,12:31:00
0.13333333333333333,2616,12:31:00
0.3333333333333333,2617,12:31:00
0.09999999999999999,2618,12:31:02
0.0,2619,12:31:02
0.13333333333333333,2620,12:31:02
0.3333333333333333,2621,12:31:02
0.09999999999999999,2622,12:31:04
0.0,2623,12:31:04
0.13333333333333333,2624,12:31:04
0.3333333333333333,2625,12:31:04
0.13333333333333333,2626,12:31:06
0.09999999999999999,2627,12:31:06
0.26666666666666666,2628,12:31:06
0.6666666666666666,2629,12:31:06
0.19999999999999998,2630,12:31:07
0.0,2631,12:31:08
0.26666666666666666,2632,12:31:08
0.6666666666666666,2633,12:31:08
0.26666666666666666,2634,12:31:09
0.0,2635,12:31:09
0.26666666666666666,2636,12:31:09
0.6666666666666666,2637,12:31:09
0.0,2638,12:31:11
0.19999999999999998,2639,12:31:11
0.19999999999999998,2640,12:31:11
0.6666666666666666,2641,12:31:11
0.0,2642,12:31:13
0.0,2643,12:31:13
0.0,2644,12:31:13
0.19999999999999998,2645,12:31:13
0.0,2646,12:31:15
0.19999999999999998,2647,12:31:15
0.0,2648,12:31:15
0.6666666666666666,2649,12:31:15
0.5333333333333333,2650,12:31:17
0.0,2651,12:31:17
0.6666666666666666,2652,12:31:17
0.26666666666666666,2653,12:31:19
0.19999999999999998,2654,12:31:19
0.6666666666666666,2655,12:31:19
0.0,2656,12:31:21
0.19999999999999998,2657,12:31:21
0.26666666666666666,2658,12:31:21
0.6666666666666666,2659,12:31:21
0.0,2660,12:31:22
0.0,2661,12:31:22
0.26666666666666666,2662,12:31:22
0.26666666666666666,2663,12:31:23
0.26666666666666666,2664,12:31:23
0.0,2665,12:31:24
0.0,2666,12:31:24
0.26666666666666666,2667,12:31:24
0.5333333333333333,2668,12:31:25
0.26666666666666666,2669,12:31:25
0.0,2670,12:31:25
0.0,2671,12:31:26
0.19999999999999998,2672,12:31:26
0.26666666666666666,2673,12:31:26
0.5333333333333333,2674,12:31:27
0.6666666666666666,2675,12:31:27
0.0,2676,12:31:28
0.0,2677,12:31:28
0.26666666666666666,2678,12:31:28
0.26666666666666666,2679,12:31:29
0.6666666666666666,2680,12:31:29
0.0,2681,12:31:30
0.19999999999999998,2682,12:31:30
0.5333333333333333,2683,12:31:30
0.26666666666666666,2684,12:31:30
0.6666666666666666,2685,12:31:31
0.0,2686,12:31:32
0.19999999999999998,2687,12:31:32
0.26666666666666666,2688,12:31:32
0.26666666666666666,2689,12:31:32
0.26666666666666666,2690,12:31:32
0.0,2691,12:31:34
0.26666666666666666,2692,12:31:34
0.5333333333333333,2693,12:31:34
0.19999999999999998,2694,12:31:34
0.0,2695,12:31:34
0.19999999999999998,2696,12:31:36
0.26666666666666666,2697,12:31:36
0.5333333333333333,2698,12:31:36
0.6666666666666666,2699,12:31:36
0.0,2700,12:31:36
0.0,2701,12:31:38
0.19999999999999998,2702,12:31:38
0.5333333333333333,2703,12:31:38
0.26666666666666666,2704,12:31:38
0.26666666666666666,2705,12:31:38
0.0,2706,12:31:40
0.0,2707,12:31:40
0.26666666666666666,2708,12:31:40
0.6666666666666666,2709,12:31:40
0.0,2710,12:31:42
0.19999999999999998,2711,12:31:42
0.26666666666666666,2712,12:31:42
0.6666666666666666,2713,12:31:42
0.0,2714,12:31:44
0.0,2715,12:31:44
0.0,2716,12:31:44
0.26666666666666666,2717,12:31:44
0.0,2718,12:31:44
0.0,2719,12:31:46
0.19999999999999998,2720,12:31:46
0.0,2721,12:31:46
0.26666666666666666,2722,12:31:46
0.0,2723,12:31:46
0.19999999999999998,2724,12:31:48
0.26666666666666666,2725,12:31:48
0.26666666666666666,2726,12:31:48
0.0,2727,12:31:48
0.0,2728,12:31:50
0.0,2729,12:31:50
0.13333333333333333,2730,12:31:50
0.13333333333333333,2731,12:31:50
0.0,2732,12:31:50
0.09999999999999999,2733,12:31:51
0.09999999999999999,2734,12:31:51
0.13333333333333333,2735,12:31:51
0.0,2736,12:31:52
0.13333333333333333,2737,12:31:53
0.13333333333333333,2738,12:31:53
0.0,2739,12:31:53
0.3333333333333333,2740,12:31:55
0.0,2741,12:31:55
0.09999999999999999,2742,12:31:55
0.13333333333333333,2743,12:31:55
0.13333333333333333,2744,12:31:55
0.09999999999999999,2745,12:31:57
0.13333333333333333,2746,12:31:57
0.09999999999999999,2747,12:31:57
0.0,2748,12:31:59
0.19999999999999998,2749,12:31:59
0.26666666666666666,2750,12:31:59
0.6666666666666666,2751,12:31:59
0.19999999999999998,2752,12:32:01
0.26666666666666666,2753,12:32:01
0.19999999999999998,2754,12:32:01
0.19999999999999998,2755,12:32:02
0.26666666666666666,2756,12:32:02
0.6666666666666666,2757,12:32:02
0.0,2758,12:32:04
0.26666666666666666,2759,12:32:04
0.26666666666666666,2760,12:32:04
0.0,2761,12:32:05
0.26666666666666666,2762,12:32:06
0.26666666666666666,2763,12:32:06
0.0,2764,12:32:06
0.0,2765,12:32:08
0.19999999999999998,2766,12:32:08
0.26666666666666666,2767,12:32:08
0.0,2768,12:32:08
0.0,2769,12:32:10
0.19999999999999998,2770,12:32:10
0.26666666666666666,2771,12:32:10
0.0,2772,12:32:10
0.0,2773,12:32:12
0.26666666666666666,2774,12:32:12
0.26666666666666666,2775,12:32:12
0.0,2776,12:32:12
0.0,2777,12:32:14
0.26666666666666666,2778,12:32:14
0.26666666666666666,2779,12:32:14
0.0,2780,12:32:14
0.19999999999999998,2781,12:32:16
0.26666666666666666,2782,12:32:16
0.0,2783,12:32:16
0.26666666666666666,2784,12:32:18
0.26666666666666666,2785,12:32:18
0.0,2786,12:32:18
0.26666666666666666,2787,12:32:19
0.26666666666666666,2788,12:32:20
0.0,2789,12:32:20
0.19999999999999998,2790,12:32:21
0.26666666666666666,2791,12:32:21
0.26666666666666666,2792,12:32:21
0.0,2793,12:32:21
0.19999999999999998,2794,12:32:23
0.26666666666666666,2795,12:32:23
0.26666666666666666,2796,12:32:23
0.0,2797,12:32:23
0.19999999999999998,2798,12:32:25
0.26666666666666666,2799,12:32:25
0.0,2800,12:32:25
0.19999999999999998,2801,12:32:27
0.19999999999999998,2802,12:32:27
0.26666666666666666,2803,12:32:27
0.0,2804,12:32:27
0.0,2805,12:32:29
0.26666666666666666,2806,12:32:29
0.0,2807,12:32:29
0.0,2808,12:32:29
0.09999999999999999,2809,12:32:30
0.13333333333333333,2810,12:32:30
0.0,2811,12:32:31
0.09999999999999999,2812,12:32:31
0.09999999999999999,2813,12:32:32
0.13333333333333333,2814,12:32:32
0.0,2815,12:32:32
0.0,2816,12:32:32
0.09999999999999999,2817,12:32:34
0.13333333333333333,2818,12:32:34
0.0,2819,12:32:34
0.0,2820,12:32:34
0.0,2821,12:32:36
0.13333333333333333,2822,12:32:36
0.0,2823,12:32:36
0.0,2824,12:32:36
0.0,2825,12:32:38
0.13333333333333333,2826,12:32:38
0.0,2827,12:32:38
0.0,2828,12:32:38
0.0,2829,12:32:40
0.13333333333333333,2830,12:32:40
0.0,2831,12:32:40
0.0,2832,12:32:40
0.13333333333333333,2833,12:32:42
0.09999999999999999,2834,12:32:42
0.0,2835,12:32:42
0.0,2836,12:32:42
0.13333333333333333,2837,12:32:44
0.13333333333333333,2838,12:32:44
0.0,2839,12:32:44
0.0,2840,12:32:44
0.13333333333333333,2841,12:32:46
0.09999999999999999,2842,12:32:46
0.0,2843,12:32:46
0.13333333333333333,2844,12:32:48
0.09999999999999999,2845,12:32:48
0.0,2846,12:32:48
0.13333333333333333,2847,12:32:49
0.19999999999999998,2848,12:32:49
0.0,2849,12:32:49
0.26666666666666666,2850,12:32:50
0.26666666666666666,2851,12:32:51
0.26666666666666666,2852,12:32:51
0.0,2853,12:32:51
0.26666666666666666,2854,12:32:51
0.19999999999999998,2855,12:32:53
0.26666666666666666,2856,12:32:53
0.0,2857,12:32:53
0.26666666666666666,2858,12:32:55
0.26666666666666666,2859,12:32:55
0.0,2860,12:32:55
0.26666666666666666,2861,12:32:57
0.19999999999999998,2862,12:32:57
0.0,2863,12:32:57
0.26666666666666666,2864,12:32:59
0.26666666666666666,2865,12:32:59
0.0,2866,12:32:59
0.0,2867,12:32:59
0.26666666666666666,2868,12:33:01
0.26666666666666666,2869,12:33:01
0.0,2870,12:33:01
0.0,2871,12:33:01
0.19999999999999998,2872,12:33:02
0.26666666666666666,2873,12:33:03
0.0,2874,12:33:03
0.0,2875,12:33:03
0.26666666666666666,2876,12:33:04
0.0,2877,12:33:04
0.26666666666666666,2878,12:33:04
0.6666666666666666,2879,12:33:05
0.26666666666666666,2880,12:33:06
0.0,2881,12:33:06
0.6666666666666666,2882,12:33:06
0.19999999999999998,2883,12:33:08
0.0,2884,12:33:08
0.6666666666666666,2885,12:33:08
0.26666666666666666,2886,12:33:10
0.0,2887,12:33:10
0.6666666666666666,2888,12:33:10
0.0,2889,12:33:12
0.19999999999999998,2890,12:33:12
0.26666666666666666,2891,12:33:12
0.6666666666666666,2892,12:33:12
0.0,2893,12:33:14
0.26666666666666666,2894,12:33:14
0.26666666666666666,2895,12:33:14
0.6666666666666666,2896,12:33:14
0.26666666666666666,2897,12:33:16
0.26666666666666666,2898,12:33:16
0.6666666666666666,2899,12:33:16
0.0,2900,12:33:18
0.19999999999999998,2901,12:33:18
0.26666666666666666,2902,12:33:18
0.0,2903,12:33:19
0.19999999999999998,2904,12:33:19
0.26666666666666666,2905,12:33:20
0.19999999999999998,2906,12:33:21
0.19999999999999998,2907,12:33:21
0.26666666666666666,2908,12:33:23
0.26666666666666666,2909,12:33:23
0.0,2910,12:33:25
0.26666666666666666,2911,12:33:25
0.26666666666666666,2912,12:33:25
0.26666666666666666,2913,12:33:25
0.0,2914,12:33:27
0.26666666666666666,2915,12:33:27
0.26666666666666666,2916,12:33:27
0.0,2917,12:33:29
0.19999999999999998,2918,12:33:30
0.19999999999999998,2919,12:33:32
0.26666666666666666,2920,12:33:32
0.0,2921,12:33:34
0.19999999999999998,2922,12:33:34
0.0,2923,12:33:36
0.0,2924,12:33:37
0.0,2925,12:33:39
0.6666666666666666,2926,12:33:41
0.6666666666666666,2927,12:33:43
0.26666666666666666,2928,12:33:44
0.26666666666666666,2929,12:33:46
0.26666666666666666,2930,12:33:48
0.26666666666666666,2931,12:33:50
0.26666666666666666,2932,12:33:51
0.26666666666666666,2933,12:33:53
0.26666666666666666,2934,12:33:55
0.19999999999999998,2935,12:33:57
0.19999999999999998,2936,12:33:58
0.6666666666666666,2937,12:34:00
0.6666666666666666,2938,12:34:02
0.6666666666666666,2939,12:34:04
0.0,2940,12:34:06
0,2941,12:34:07
0,2942,12:34:09
0,2943,12:34:11
0,2944,12:34:12
0,2945,12:34:14
0,2946,12:34:16
0,2947,12:34:17
0,2948,12:34:19
0,2949,12:34:21
0,2950,12:34:22
0,2951,12:34:24
0,2952,12:34:26
0,2953,12:34:27
0,2954,12:34:29
0,2955,12:34:31
0,2956,12:34:33
